"Light Intensity (% of scale max) Run #10","Relative Intensity Run #10","Voltage (V) Run #10"
0.02409,0.02409,0.865
0.02434,0.02434,0.865
0.02411,0.02411,0.865
0.02388,0.02388,0.865
0.02419,0.02419,0.865
0.02397,0.02397,0.865
0.02394,0.02394,0.866
0.02414,0.02414,0.865
0.02391,0.02391,0.865
0.02390,0.02390,0.865
0.02412,0.02412,0.865
0.02438,0.02438,0.865
0.02388,0.02388,0.866
0.02405,0.02405,0.866
0.02394,0.02394,0.865
0.02409,0.02409,0.865
0.02396,0.02396,0.865
0.02415,0.02415,0.865
0.02409,0.02409,0.865
0.02400,0.02400,0.866
0.02393,0.02393,0.866
0.02380,0.02380,0.865
0.02403,0.02403,0.865
0.02377,0.02377,0.865
0.02406,0.02406,0.865
0.02423,0.02423,0.865
0.02412,0.02412,0.865
0.02386,0.02386,0.865
0.02406,0.02406,0.865
0.02382,0.02382,0.865
0.02386,0.02386,0.865
0.02385,0.02385,0.865
0.02408,0.02408,0.865
0.02402,0.02402,0.866
0.02399,0.02399,0.865
0.02405,0.02405,0.866
0.02422,0.02422,0.865
0.02409,0.02409,0.865
0.02403,0.02403,0.865
0.02408,0.02408,0.865
0.02428,0.02428,0.864
0.02420,0.02420,0.865
0.02419,0.02419,0.865
0.02393,0.02393,0.864
0.02414,0.02414,0.864
0.02370,0.02370,0.860
0.02408,0.02408,0.860
0.02412,0.02412,0.860
0.02408,0.02408,0.860
0.02402,0.02402,0.860
0.02428,0.02428,0.859
0.02405,0.02405,0.858
0.02400,0.02400,0.856
0.02417,0.02417,0.857
0.02406,0.02406,0.857
0.02417,0.02417,0.857
0.02408,0.02408,0.857
0.02409,0.02409,0.857
0.02393,0.02393,0.857
0.02397,0.02397,0.855
0.02412,0.02412,0.853
0.02422,0.02422,0.853
0.02386,0.02386,0.850
0.02386,0.02386,0.849
0.02411,0.02411,0.849
0.02412,0.02412,0.849
0.02409,0.02409,0.845
0.02441,0.02441,0.843
0.02391,0.02391,0.844
0.02414,0.02414,0.843
0.02414,0.02414,0.838
0.02414,0.02414,0.838
0.02425,0.02425,0.837
0.02406,0.02406,0.838
0.02412,0.02412,0.838
0.02420,0.02420,0.837
0.02423,0.02423,0.836
0.02420,0.02420,0.833
0.02412,0.02412,0.833
0.02417,0.02417,0.833
0.02400,0.02400,0.833
0.02402,0.02402,0.833
0.02419,0.02419,0.834
0.02412,0.02412,0.833
0.02417,0.02417,0.830
0.02438,0.02438,0.829
0.02463,0.02463,0.830
0.02429,0.02429,0.829
0.02438,0.02438,0.829
0.02443,0.02443,0.830
0.02446,0.02446,0.829
0.02429,0.02429,0.827
0.02451,0.02451,0.824
0.02431,0.02431,0.825
0.02429,0.02429,0.824
0.02440,0.02440,0.822
0.02437,0.02437,0.820
0.02423,0.02423,0.821
0.02454,0.02454,0.821
0.02444,0.02444,0.819
0.02428,0.02428,0.816
0.02428,0.02428,0.816
0.02431,0.02431,0.816
0.02408,0.02408,0.816
0.02441,0.02441,0.816
0.02403,0.02403,0.815
0.02422,0.02422,0.812
0.02422,0.02422,0.812
0.02402,0.02402,0.813
0.02399,0.02399,0.812
0.02422,0.02422,0.812
0.02409,0.02409,0.810
0.02385,0.02385,0.807
0.02412,0.02412,0.807
0.02417,0.02417,0.807
0.02388,0.02388,0.807
0.02371,0.02371,0.806
0.02373,0.02373,0.802
0.02379,0.02379,0.802
0.02412,0.02412,0.802
0.02428,0.02428,0.802
0.02422,0.02422,0.797
0.02383,0.02383,0.798
0.02400,0.02400,0.797
0.02397,0.02397,0.794
0.02406,0.02406,0.794
0.02406,0.02406,0.793
0.02397,0.02397,0.794
0.02391,0.02391,0.791
0.02429,0.02429,0.790
0.02420,0.02420,0.789
0.02422,0.02422,0.789
0.02411,0.02411,0.789
0.02380,0.02380,0.789
0.02383,0.02383,0.789
0.02426,0.02426,0.789
0.02415,0.02415,0.790
0.02409,0.02409,0.790
0.02412,0.02412,0.787
0.02403,0.02403,0.785
0.02411,0.02411,0.786
0.02403,0.02403,0.786
0.02426,0.02426,0.785
0.02423,0.02423,0.784
0.02429,0.02429,0.781
0.02415,0.02415,0.781
0.02448,0.02448,0.780
0.02452,0.02452,0.777
0.02461,0.02461,0.776
0.02438,0.02438,0.776
0.02484,0.02484,0.776
0.02432,0.02432,0.771
0.02463,0.02463,0.770
0.02429,0.02429,0.771
0.02435,0.02435,0.768
0.02437,0.02437,0.766
0.02432,0.02432,0.766
0.02443,0.02443,0.764
0.02432,0.02432,0.764
0.02411,0.02411,0.763
0.02402,0.02402,0.760
0.02412,0.02412,0.760
0.02420,0.02420,0.759
0.02393,0.02393,0.756
0.02412,0.02412,0.754
0.02417,0.02417,0.753
0.02403,0.02403,0.749
0.02393,0.02393,0.748
0.02409,0.02409,0.746
0.02391,0.02391,0.742
0.02417,0.02417,0.743
0.02414,0.02414,0.744
0.02420,0.02420,0.746
0.02397,0.02397,0.744
0.02432,0.02432,0.742
0.02425,0.02425,0.742
0.02426,0.02426,0.741
0.02428,0.02428,0.738
0.02400,0.02400,0.739
0.02409,0.02409,0.735
0.02402,0.02402,0.735
0.02406,0.02406,0.734
0.02409,0.02409,0.734
0.02408,0.02408,0.732
0.02425,0.02425,0.731
0.02419,0.02419,0.730
0.02386,0.02386,0.731
0.02390,0.02390,0.730
0.02377,0.02377,0.731
0.02393,0.02393,0.731
0.02429,0.02429,0.728
0.02409,0.02409,0.726
0.02406,0.02406,0.726
0.02400,0.02400,0.726
0.02417,0.02417,0.726
0.02385,0.02385,0.726
0.02406,0.02406,0.726
0.02414,0.02414,0.726
0.02417,0.02417,0.726
0.02400,0.02400,0.724
0.02396,0.02396,0.721
0.02417,0.02417,0.721
0.02415,0.02415,0.722
0.02396,0.02396,0.720
0.02393,0.02393,0.718
0.02417,0.02417,0.717
0.02399,0.02399,0.717
0.02422,0.02422,0.717
0.02391,0.02391,0.717
0.02406,0.02406,0.714
0.02403,0.02403,0.713
0.02423,0.02423,0.712
0.02411,0.02411,0.713
0.02420,0.02420,0.711
0.02415,0.02415,0.706
0.02382,0.02382,0.707
0.02396,0.02396,0.707
0.02400,0.02400,0.706
0.02414,0.02414,0.702
0.02411,0.02411,0.703
0.02393,0.02393,0.703
0.02400,0.02400,0.703
0.02408,0.02408,0.702
0.02406,0.02406,0.699
0.02422,0.02422,0.699
0.02400,0.02400,0.699
0.02385,0.02385,0.698
0.02397,0.02397,0.699
0.02412,0.02412,0.698
0.02419,0.02419,0.695
0.02393,0.02393,0.695
0.02425,0.02425,0.695
0.02405,0.02405,0.692
0.02426,0.02426,0.691
0.02423,0.02423,0.690
0.02422,0.02422,0.690
0.02406,0.02406,0.690
0.02432,0.02432,0.686
0.02434,0.02434,0.685
0.02411,0.02411,0.685
0.02415,0.02415,0.685
0.02408,0.02408,0.681
0.02383,0.02383,0.680
0.02414,0.02414,0.680
0.02425,0.02425,0.680
0.02415,0.02415,0.680
0.02399,0.02399,0.678
0.02379,0.02379,0.675
0.02408,0.02408,0.676
0.02399,0.02399,0.676
0.02385,0.02385,0.676
0.02379,0.02379,0.675
0.02429,0.02429,0.676
0.02406,0.02406,0.676
0.02408,0.02408,0.676
0.02429,0.02429,0.675
0.02425,0.02425,0.674
0.02415,0.02415,0.674
0.02411,0.02411,0.672
0.02431,0.02431,0.672
0.02422,0.02422,0.672
0.02419,0.02419,0.672
0.02452,0.02452,0.672
0.02446,0.02446,0.671
0.02444,0.02444,0.672
0.02455,0.02455,0.671
0.02431,0.02431,0.668
0.02457,0.02457,0.667
0.02455,0.02455,0.668
0.02469,0.02469,0.668
0.02501,0.02501,0.668
0.02487,0.02487,0.667
0.02495,0.02495,0.663
0.02515,0.02515,0.663
0.02489,0.02489,0.663
0.02504,0.02504,0.663
0.02469,0.02469,0.659
0.02478,0.02478,0.659
0.02454,0.02454,0.659
0.02470,0.02470,0.659
0.02437,0.02437,0.658
0.02420,0.02420,0.653
0.02419,0.02419,0.654
0.02446,0.02446,0.653
0.02420,0.02420,0.653
0.02429,0.02429,0.653
0.02420,0.02420,0.651
0.02425,0.02425,0.648
0.02425,0.02425,0.648
0.02406,0.02406,0.648
0.02428,0.02428,0.648
0.02438,0.02438,0.648
0.02438,0.02438,0.647
0.02426,0.02426,0.643
0.02405,0.02405,0.643
0.02420,0.02420,0.643
0.02402,0.02402,0.642
0.02400,0.02400,0.639
0.02396,0.02396,0.639
0.02415,0.02415,0.637
0.02412,0.02412,0.635
0.02429,0.02429,0.635
0.02415,0.02415,0.630
0.02428,0.02428,0.630
0.02397,0.02397,0.629
0.02409,0.02409,0.625
0.02411,0.02411,0.624
0.02448,0.02448,0.624
0.02446,0.02446,0.624
0.02432,0.02432,0.624
0.02412,0.02412,0.624
0.02420,0.02420,0.623
0.02419,0.02419,0.623
0.02409,0.02409,0.621
0.02417,0.02417,0.619
0.02412,0.02412,0.620
0.02452,0.02452,0.620
0.02452,0.02452,0.620
0.02451,0.02451,0.620
0.02467,0.02467,0.619
0.02451,0.02451,0.617
0.02452,0.02452,0.616
0.02460,0.02460,0.616
0.02458,0.02458,0.615
0.02440,0.02440,0.615
0.02446,0.02446,0.615
0.02458,0.02458,0.615
0.02466,0.02466,0.615
0.02478,0.02478,0.614
0.02455,0.02455,0.615
0.02458,0.02458,0.615
0.02455,0.02455,0.615
0.02472,0.02472,0.613
0.02437,0.02437,0.612
0.02469,0.02469,0.613
0.02487,0.02487,0.613
0.02473,0.02473,0.612
0.02489,0.02489,0.612
0.02510,0.02510,0.612
0.02512,0.02512,0.612
0.02516,0.02516,0.612
0.02530,0.02530,0.612
0.02518,0.02518,0.612
0.02539,0.02539,0.611
0.02524,0.02524,0.607
0.02548,0.02548,0.608
0.02501,0.02501,0.608
0.02502,0.02502,0.606
0.02467,0.02467,0.603
0.02472,0.02472,0.603
0.02444,0.02444,0.603
0.02467,0.02467,0.603
0.02446,0.02446,0.600
0.02415,0.02415,0.597
0.02425,0.02425,0.598
0.02405,0.02405,0.596
0.02458,0.02458,0.593
0.02438,0.02438,0.593
0.02414,0.02414,0.593
0.02422,0.02422,0.593
0.02435,0.02435,0.593
0.02425,0.02425,0.593
0.02425,0.02425,0.593
0.02380,0.02380,0.592
0.02399,0.02399,0.588
0.02432,0.02432,0.588
0.02419,0.02419,0.586
0.02432,0.02432,0.584
0.02455,0.02455,0.583
0.02428,0.02428,0.580
0.02411,0.02411,0.579
0.02417,0.02417,0.578
0.02397,0.02397,0.576
0.02426,0.02426,0.576
0.02417,0.02417,0.576
0.02397,0.02397,0.576
0.02429,0.02429,0.575
0.02405,0.02405,0.572
0.02423,0.02423,0.572
0.02426,0.02426,0.572
0.02420,0.02420,0.571
0.02393,0.02393,0.570
0.02426,0.02426,0.568
0.02454,0.02454,0.567
0.02423,0.02423,0.568
0.02414,0.02414,0.567
0.02426,0.02426,0.563
0.02444,0.02444,0.563
0.02397,0.02397,0.562
0.02425,0.02425,0.559
0.02454,0.02454,0.557
0.02432,0.02432,0.557
0.02391,0.02391,0.557
0.02414,0.02414,0.556
0.02394,0.02394,0.554
0.02419,0.02419,0.553
0.02391,0.02391,0.553
0.02391,0.02391,0.552
0.02408,0.02408,0.549
0.02420,0.02420,0.549
0.02408,0.02408,0.549
0.02432,0.02432,0.548
0.02391,0.02391,0.544
0.02397,0.02397,0.543
0.02412,0.02412,0.543
0.02393,0.02393,0.540
0.02419,0.02419,0.539
0.02402,0.02402,0.538
0.02435,0.02435,0.538
0.02406,0.02406,0.535
0.02396,0.02396,0.533
0.02417,0.02417,0.533
0.02400,0.02400,0.533
0.02405,0.02405,0.533
0.02422,0.02422,0.531
0.02412,0.02412,0.530
0.02403,0.02403,0.528
0.02438,0.02438,0.525
0.02400,0.02400,0.525
0.02434,0.02434,0.523
0.02405,0.02405,0.522
0.02455,0.02455,0.521
0.02451,0.02451,0.521
0.02443,0.02443,0.519
0.02435,0.02435,0.518
0.02440,0.02440,0.516
0.02432,0.02432,0.516
0.02420,0.02420,0.516
0.02394,0.02394,0.517
0.02411,0.02411,0.517
0.02412,0.02412,0.515
0.02432,0.02432,0.513
0.02429,0.02429,0.513
0.02429,0.02429,0.512
0.02419,0.02419,0.512
0.02408,0.02408,0.511
0.02414,0.02414,0.511
0.02415,0.02415,0.508
0.02458,0.02458,0.507
0.02464,0.02464,0.507
0.02501,0.02501,0.507
0.02542,0.02542,0.506
0.02574,0.02574,0.502
0.02579,0.02579,0.502
0.02583,0.02583,0.501
0.02594,0.02594,0.501
0.02591,0.02591,0.498
0.02560,0.02560,0.497
0.02554,0.02554,0.496
0.02536,0.02536,0.496
0.02469,0.02469,0.494
0.02446,0.02446,0.493
0.02426,0.02426,0.493
0.02431,0.02431,0.493
0.02414,0.02414,0.492
0.02435,0.02435,0.490
0.02412,0.02412,0.489
0.02461,0.02461,0.489
0.02435,0.02435,0.486
0.02469,0.02469,0.486
0.02446,0.02446,0.486
0.02448,0.02448,0.484
0.02406,0.02406,0.483
0.02426,0.02426,0.481
0.02394,0.02394,0.481
0.02415,0.02415,0.477
0.02383,0.02383,0.477
0.02393,0.02393,0.477
0.02417,0.02417,0.474
0.02429,0.02429,0.472
0.02432,0.02432,0.472
0.02417,0.02417,0.472
0.02434,0.02434,0.472
0.02425,0.02425,0.470
0.02423,0.02423,0.466
0.02455,0.02455,0.467
0.02425,0.02425,0.465
0.02437,0.02437,0.461
0.02400,0.02400,0.461
0.02443,0.02443,0.461
0.02435,0.02435,0.459
0.02477,0.02477,0.457
0.02463,0.02463,0.457
0.02457,0.02457,0.456
0.02522,0.02522,0.454
0.02565,0.02565,0.453
0.02580,0.02580,0.453
0.02612,0.02612,0.454
0.02634,0.02634,0.453
0.02669,0.02669,0.450
0.02696,0.02696,0.450
0.02739,0.02739,0.450
0.02695,0.02695,0.450
0.02663,0.02663,0.447
0.02654,0.02654,0.445
0.02629,0.02629,0.445
0.02589,0.02589,0.444
0.02498,0.02498,0.440
0.02475,0.02475,0.440
0.02477,0.02477,0.437
0.02498,0.02498,0.435
0.02455,0.02455,0.435
0.02501,0.02501,0.435
0.02464,0.02464,0.432
0.02475,0.02475,0.431
0.02440,0.02440,0.431
0.02446,0.02446,0.430
0.02455,0.02455,0.427
0.02417,0.02417,0.426
0.02415,0.02415,0.422
0.02431,0.02431,0.422
0.02412,0.02412,0.420
0.02403,0.02403,0.417
0.02403,0.02403,0.417
0.02435,0.02435,0.417
0.02437,0.02437,0.415
0.02420,0.02420,0.414
0.02434,0.02434,0.413
0.02422,0.02422,0.413
0.02457,0.02457,0.413
0.02419,0.02419,0.413
0.02403,0.02403,0.413
0.02417,0.02417,0.411
0.02425,0.02425,0.410
0.02451,0.02451,0.408
0.02411,0.02411,0.407
0.02434,0.02434,0.408
0.02440,0.02440,0.407
0.02435,0.02435,0.408
0.02423,0.02423,0.408
0.02414,0.02414,0.407
0.02437,0.02437,0.407
0.02405,0.02405,0.407
0.02437,0.02437,0.407
0.02419,0.02419,0.407
0.02383,0.02383,0.407
0.02391,0.02391,0.407
0.02412,0.02412,0.407
0.02408,0.02408,0.404
0.02415,0.02415,0.403
0.02435,0.02435,0.403
0.02423,0.02423,0.404
0.02441,0.02441,0.401
0.02458,0.02458,0.399
0.02458,0.02458,0.398
0.02451,0.02451,0.398
0.02467,0.02467,0.398
0.02477,0.02477,0.395
0.02440,0.02440,0.394
0.02452,0.02452,0.394
0.02451,0.02451,0.395
0.02434,0.02434,0.393
0.02414,0.02414,0.390
0.02432,0.02432,0.390
0.02444,0.02444,0.389
0.02431,0.02431,0.389
0.02412,0.02412,0.385
0.02406,0.02406,0.385
0.02405,0.02405,0.385
0.02399,0.02399,0.385
0.02396,0.02396,0.384
0.02412,0.02412,0.382
0.02386,0.02386,0.380
0.02388,0.02388,0.379
0.02431,0.02431,0.380
0.02408,0.02408,0.378
0.02400,0.02400,0.375
0.02408,0.02408,0.375
0.02432,0.02432,0.376
0.02411,0.02411,0.374
0.02405,0.02405,0.372
0.02408,0.02408,0.372
0.02406,0.02406,0.369
0.02403,0.02403,0.368
0.02405,0.02405,0.367
0.02394,0.02394,0.366
0.02403,0.02403,0.363
0.02417,0.02417,0.363
0.02406,0.02406,0.364
0.02420,0.02420,0.364
0.02411,0.02411,0.363
0.02417,0.02417,0.359
0.02425,0.02425,0.359
0.02406,0.02406,0.359
0.02414,0.02414,0.359
0.02390,0.02390,0.359
0.02386,0.02386,0.359
0.02402,0.02402,0.359
0.02438,0.02438,0.359
0.02444,0.02444,0.358
0.02432,0.02432,0.359
0.02434,0.02434,0.356
0.02437,0.02437,0.354
0.02422,0.02422,0.353
0.02405,0.02405,0.353
0.02402,0.02402,0.349
0.02396,0.02396,0.349
0.02390,0.02390,0.349
0.02414,0.02414,0.349
0.02441,0.02441,0.346
0.02437,0.02437,0.344
0.02472,0.02472,0.344
0.02594,0.02594,0.344
0.02658,0.02658,0.342
0.02695,0.02695,0.340
0.02727,0.02727,0.340
0.02760,0.02760,0.340
0.02754,0.02754,0.338
0.02730,0.02730,0.334
0.02719,0.02719,0.335
0.02684,0.02684,0.335
0.02623,0.02623,0.334
0.02588,0.02588,0.332
0.02539,0.02539,0.332
0.02486,0.02486,0.332
0.02454,0.02454,0.330
0.02473,0.02473,0.328
0.02490,0.02490,0.328
0.02498,0.02498,0.326
0.02536,0.02536,0.323
0.02510,0.02510,0.323
0.02522,0.02522,0.322
0.02496,0.02496,0.318
0.02466,0.02466,0.317
0.02499,0.02499,0.315
0.02443,0.02443,0.313
0.02443,0.02443,0.313
0.02432,0.02432,0.312
0.02417,0.02417,0.312
0.02434,0.02434,0.310
0.02406,0.02406,0.309
0.02444,0.02444,0.309
0.02405,0.02405,0.308
0.02409,0.02409,0.309
0.02464,0.02464,0.309
0.02455,0.02455,0.307
0.02444,0.02444,0.305
0.02451,0.02451,0.305
0.02481,0.02481,0.304
0.02486,0.02486,0.305
0.02463,0.02463,0.305
0.02480,0.02480,0.302
0.02477,0.02477,0.301
0.02466,0.02466,0.300
0.02441,0.02441,0.301
0.02458,0.02458,0.301
0.02470,0.02470,0.300
0.02469,0.02469,0.298
0.02396,0.02396,0.296
0.02455,0.02455,0.296
0.02431,0.02431,0.296
0.02457,0.02457,0.295
0.02458,0.02458,0.293
0.02510,0.02510,0.292
0.02504,0.02504,0.291
0.02567,0.02567,0.291
0.02612,0.02612,0.291
0.02687,0.02687,0.290
0.02737,0.02737,0.287
0.02789,0.02789,0.286
0.02879,0.02879,0.286
0.02863,0.02863,0.286
0.02878,0.02878,0.285
0.02908,0.02908,0.282
0.02892,0.02892,0.281
0.02922,0.02922,0.281
0.02913,0.02913,0.281
0.02942,0.02942,0.281
0.02914,0.02914,0.279
0.02916,0.02916,0.277
0.02916,0.02916,0.276
0.02896,0.02896,0.276
0.02904,0.02904,0.274
0.02879,0.02879,0.273
0.02867,0.02867,0.273
0.02798,0.02798,0.273
0.02763,0.02763,0.273
0.02673,0.02673,0.273
0.02502,0.02502,0.270
0.02498,0.02498,0.268
0.02475,0.02475,0.269
0.02487,0.02487,0.269
0.02492,0.02492,0.267
0.02486,0.02486,0.263
0.02495,0.02495,0.263
0.02483,0.02483,0.262
0.02486,0.02486,0.259
0.02499,0.02499,0.258
0.02483,0.02483,0.259
0.02501,0.02501,0.259
0.02527,0.02527,0.258
0.02502,0.02502,0.259
0.02501,0.02501,0.259
0.02496,0.02496,0.258
0.02504,0.02504,0.256
0.02492,0.02492,0.254
0.02489,0.02489,0.254
0.02475,0.02475,0.254
0.02467,0.02467,0.254
0.02470,0.02470,0.254
0.02460,0.02460,0.254
0.02423,0.02423,0.254
0.02451,0.02451,0.254
0.02425,0.02425,0.254
0.02412,0.02412,0.253
0.02415,0.02415,0.251
0.02428,0.02428,0.250
0.02411,0.02411,0.250
0.02444,0.02444,0.250
0.02452,0.02452,0.249
0.02435,0.02435,0.247
0.02441,0.02441,0.246
0.02444,0.02444,0.245
0.02444,0.02444,0.246
0.02461,0.02461,0.246
0.02434,0.02434,0.244
0.02432,0.02432,0.242
0.02435,0.02435,0.242
0.02429,0.02429,0.242
0.02422,0.02422,0.242
0.02399,0.02399,0.242
0.02390,0.02390,0.240
0.02412,0.02412,0.238
0.02408,0.02408,0.237
0.02405,0.02405,0.237
0.02408,0.02408,0.237
0.02422,0.02422,0.237
0.02426,0.02426,0.237
0.02403,0.02403,0.237
0.02451,0.02451,0.237
0.02490,0.02490,0.235
0.02477,0.02477,0.233
0.02525,0.02525,0.233
0.02518,0.02518,0.232
0.02539,0.02539,0.233
0.02534,0.02534,0.232
0.02536,0.02536,0.228
0.02525,0.02525,0.228
0.02544,0.02544,0.228
0.02551,0.02551,0.229
0.02544,0.02544,0.228
0.02544,0.02544,0.227
0.02530,0.02530,0.224
0.02541,0.02541,0.223
0.02531,0.02531,0.223
0.02440,0.02440,0.223
0.02437,0.02437,0.223
0.02472,0.02472,0.224
0.02449,0.02449,0.224
0.02438,0.02438,0.222
0.02419,0.02419,0.218
0.02422,0.02422,0.219
0.02425,0.02425,0.218
0.02415,0.02415,0.217
0.02400,0.02400,0.216
0.02403,0.02403,0.215
0.02406,0.02406,0.215
0.02396,0.02396,0.215
0.02425,0.02425,0.215
0.02388,0.02388,0.214
0.02397,0.02397,0.211
0.02426,0.02426,0.211
0.02419,0.02419,0.211
0.02405,0.02405,0.211
0.02411,0.02411,0.209
0.02428,0.02428,0.207
0.02400,0.02400,0.206
0.02405,0.02405,0.206
0.02423,0.02423,0.206
0.02417,0.02417,0.206
0.02396,0.02396,0.206
0.02403,0.02403,0.203
0.02391,0.02391,0.201
0.02396,0.02396,0.202
0.02397,0.02397,0.202
0.02403,0.02403,0.201
0.02429,0.02429,0.201
0.02412,0.02412,0.200
0.02409,0.02409,0.198
0.02394,0.02394,0.197
0.02441,0.02441,0.197
0.02420,0.02420,0.197
0.02414,0.02414,0.197
0.02432,0.02432,0.195
0.02419,0.02419,0.193
0.02435,0.02435,0.193
0.02431,0.02431,0.192
0.02434,0.02434,0.193
0.02443,0.02443,0.191
0.02446,0.02446,0.189
0.02425,0.02425,0.189
0.02419,0.02419,0.189
0.02423,0.02423,0.189
0.02397,0.02397,0.189
0.02409,0.02409,0.189
0.02420,0.02420,0.188
0.02435,0.02435,0.185
0.02412,0.02412,0.185
0.02411,0.02411,0.185
0.02425,0.02425,0.185
0.02417,0.02417,0.185
0.02408,0.02408,0.185
0.02426,0.02426,0.184
0.02409,0.02409,0.183
0.02441,0.02441,0.180
0.02457,0.02457,0.181
0.02455,0.02455,0.180
0.02521,0.02521,0.180
0.02534,0.02534,0.180
0.02580,0.02580,0.180
0.02635,0.02635,0.180
0.02608,0.02608,0.180
0.02628,0.02628,0.178
0.02673,0.02673,0.176
0.02705,0.02705,0.176
0.02711,0.02711,0.176
0.02747,0.02747,0.176
0.02695,0.02695,0.176
0.02702,0.02702,0.175
0.02682,0.02682,0.171
0.02626,0.02626,0.171
0.02591,0.02591,0.170
0.02612,0.02612,0.167
0.02597,0.02597,0.164
0.02565,0.02565,0.164
0.02527,0.02527,0.162
0.02541,0.02541,0.159
0.02525,0.02525,0.159
0.02505,0.02505,0.159
0.02515,0.02515,0.159
0.02498,0.02498,0.159
0.02536,0.02536,0.155
0.02525,0.02525,0.155
0.02516,0.02516,0.155
0.02498,0.02498,0.154
0.02528,0.02528,0.152
0.02527,0.02527,0.152
0.02505,0.02505,0.152
0.02521,0.02521,0.152
0.02501,0.02501,0.152
0.02536,0.02536,0.151
0.02502,0.02502,0.151
0.02524,0.02524,0.151
0.02515,0.02515,0.151
0.02530,0.02530,0.151
0.02510,0.02510,0.152
0.02492,0.02492,0.152
0.02487,0.02487,0.152
0.02510,0.02510,0.152
0.02486,0.02486,0.152
0.02461,0.02461,0.152
0.02490,0.02490,0.152
0.02498,0.02498,0.149
0.02486,0.02486,0.147
0.02477,0.02477,0.147
0.02502,0.02502,0.146
0.02477,0.02477,0.146
0.02480,0.02480,0.147
0.02411,0.02411,0.147
0.02446,0.02446,0.146
0.02446,0.02446,0.146
0.02458,0.02458,0.146
0.02437,0.02437,0.143
0.02451,0.02451,0.141
0.02438,0.02438,0.138
0.02444,0.02444,0.136
0.02408,0.02408,0.133
0.02438,0.02438,0.132
0.02493,0.02493,0.132
0.02602,0.02602,0.130
0.02814,0.02814,0.128
0.02899,0.02899,0.129
0.02927,0.02927,0.126
0.02930,0.02930,0.124
0.02940,0.02940,0.123
0.02953,0.02953,0.119
0.02974,0.02974,0.120
0.02966,0.02966,0.120
0.02988,0.02988,0.119
0.03033,0.03033,0.119
0.03058,0.03058,0.119
0.03041,0.03041,0.116
0.03067,0.03067,0.115
0.03064,0.03064,0.114
0.03056,0.03056,0.114
0.03030,0.03030,0.115
0.03040,0.03040,0.115
0.03014,0.03014,0.115
0.03027,0.03027,0.115
0.03023,0.03023,0.113
0.03018,0.03018,0.111
0.02965,0.02965,0.109
0.02911,0.02911,0.109
0.02861,0.02861,0.110
0.02794,0.02794,0.109
0.02739,0.02739,0.110
0.02562,0.02562,0.110
0.02525,0.02525,0.109
0.02513,0.02513,0.106
0.02486,0.02486,0.105
0.02513,0.02513,0.104
0.02490,0.02490,0.101
0.02501,0.02501,0.100
0.02490,0.02490,0.096
0.02486,0.02486,0.096
0.02495,0.02495,0.096
0.02483,0.02483,0.096
0.02443,0.02443,0.094
0.02463,0.02463,0.093
0.02426,0.02426,0.093
0.02443,0.02443,0.092
0.02428,0.02428,0.091
0.02460,0.02460,0.089
0.02426,0.02426,0.089
0.02406,0.02406,0.085
0.02412,0.02412,0.085
0.02446,0.02446,0.084
0.02415,0.02415,0.083
0.02420,0.02420,0.079
0.02432,0.02432,0.079
0.02487,0.02487,0.079
0.02534,0.02534,0.079
0.02544,0.02544,0.074
0.02525,0.02525,0.074
0.02568,0.02568,0.070
0.02548,0.02548,0.070
0.02567,0.02567,0.067
0.02533,0.02533,0.065
0.02519,0.02519,0.065
0.02539,0.02539,0.065
0.02528,0.02528,0.065
0.02544,0.02544,0.066
0.02513,0.02513,0.063
0.02501,0.02501,0.061
0.02477,0.02477,0.061
0.02486,0.02486,0.060
0.02464,0.02464,0.057
0.02435,0.02435,0.056
0.02432,0.02432,0.056
0.02428,0.02428,0.056
0.02411,0.02411,0.056
0.02414,0.02414,0.054
0.02429,0.02429,0.051
0.02420,0.02420,0.051
0.02426,0.02426,0.046
0.02432,0.02432,0.046
0.02420,0.02420,0.046
0.02415,0.02415,0.044
0.02411,0.02411,0.041
0.02415,0.02415,0.042
0.02412,0.02412,0.041
0.02393,0.02393,0.041
0.02386,0.02386,0.041
0.02399,0.02399,0.038
0.02429,0.02429,0.037
0.02379,0.02379,0.037
0.02419,0.02419,0.037
0.02391,0.02391,0.034
0.02414,0.02414,0.033
0.02423,0.02423,0.032
0.02443,0.02443,0.029
0.02414,0.02414,0.029
0.02399,0.02399,0.029
0.02420,0.02420,0.029
0.02415,0.02415,0.026
0.02409,0.02409,0.024
0.02379,0.02379,0.024
0.02426,0.02426,0.024
0.02420,0.02420,0.023
0.02466,0.02466,0.019
0.02472,0.02472,0.019
0.02484,0.02484,0.016
0.02551,0.02551,0.015
0.02591,0.02591,0.015
0.02612,0.02612,0.013
0.02631,0.02631,0.011
0.02649,0.02649,0.011
0.02646,0.02646,0.011
0.02643,0.02643,0.010
0.02667,0.02667,0.008
0.02689,0.02689,0.007
0.02673,0.02673,0.007
0.02696,0.02696,0.007
0.02684,0.02684,0.007
0.02698,0.02698,0.007
0.02715,0.02715,0.007
0.02734,0.02734,0.007
0.02740,0.02740,0.007
0.02757,0.02757,0.007
0.02751,0.02751,0.007
0.02748,0.02748,0.007
0.02792,0.02792,0.005
0.02791,0.02791,0.003
0.02789,0.02789,0.002
0.02797,0.02797,9.368E-4
0.02820,0.02820,0.001
0.02776,0.02776,0.001
0.02769,0.02769,0.001
0.02757,0.02757,0.001
0.02713,0.02713,0.002
0.02687,0.02687,9.368E-4
0.02640,0.02640,-9.368E-4
0.02623,0.02623,-0.003
0.02553,0.02553,-0.004
0.02580,0.02580,-0.004
0.02565,0.02565,-0.004
0.02512,0.02512,-0.004
0.02538,0.02538,-0.007
0.02505,0.02505,-0.008
0.02504,0.02504,-0.007
0.02525,0.02525,-0.007
0.02498,0.02498,-0.008
0.02501,0.02501,-0.011
0.02490,0.02490,-0.012
0.02493,0.02493,-0.012
0.02483,0.02483,-0.012
0.02507,0.02507,-0.012
0.02498,0.02498,-0.012
0.02507,0.02507,-0.011
0.02504,0.02504,-0.012
0.02505,0.02505,-0.012
0.02513,0.02513,-0.013
0.02504,0.02504,-0.015
0.02484,0.02484,-0.017
0.02492,0.02492,-0.017
0.02507,0.02507,-0.017
0.02519,0.02519,-0.017
0.02510,0.02510,-0.017
0.02486,0.02486,-0.017
0.02496,0.02496,-0.017
0.02448,0.02448,-0.017
0.02458,0.02458,-0.017
0.02448,0.02448,-0.017
0.02451,0.02451,-0.018
0.02443,0.02443,-0.022
0.02429,0.02429,-0.022
0.02431,0.02431,-0.022
0.02415,0.02415,-0.022
0.02397,0.02397,-0.022
0.02417,0.02417,-0.022
0.02431,0.02431,-0.024
0.02440,0.02440,-0.026
0.02444,0.02444,-0.026
0.02452,0.02452,-0.027
0.02461,0.02461,-0.027
0.02469,0.02469,-0.026
0.02454,0.02454,-0.026
0.02473,0.02473,-0.027
0.02481,0.02481,-0.027
0.02481,0.02481,-0.029
0.02484,0.02484,-0.030
0.02477,0.02477,-0.030
0.02460,0.02460,-0.030
0.02460,0.02460,-0.030
0.02451,0.02451,-0.030
0.02434,0.02434,-0.032
0.02417,0.02417,-0.033
0.02460,0.02460,-0.033
0.02463,0.02463,-0.034
0.02495,0.02495,-0.034
0.02660,0.02660,-0.035
0.02792,0.02792,-0.037
0.02866,0.02866,-0.037
0.02892,0.02892,-0.037
0.02971,0.02971,-0.037
0.03116,0.03116,-0.038
0.03186,0.03186,-0.042
0.03264,0.03264,-0.044
0.03334,0.03334,-0.044
0.03378,0.03378,-0.044
0.03419,0.03419,-0.044
0.03407,0.03407,-0.045
0.03436,0.03436,-0.049
0.03406,0.03406,-0.049
0.03400,0.03400,-0.049
0.03384,0.03384,-0.049
0.03363,0.03363,-0.050
0.03320,0.03320,-0.050
0.03305,0.03305,-0.052
0.03264,0.03264,-0.052
0.03256,0.03256,-0.052
0.03195,0.03195,-0.052
0.03148,0.03148,-0.052
0.03087,0.03087,-0.052
0.03036,0.03036,-0.053
0.02931,0.02931,-0.053
0.02747,0.02747,-0.057
0.02722,0.02722,-0.057
0.02713,0.02713,-0.057
0.02681,0.02681,-0.057
0.02650,0.02650,-0.057
0.02625,0.02625,-0.059
0.02663,0.02663,-0.062
0.02640,0.02640,-0.062
0.02658,0.02658,-0.061
0.02664,0.02664,-0.061
0.02640,0.02640,-0.061
0.02605,0.02605,-0.063
0.02600,0.02600,-0.065
0.02597,0.02597,-0.067
0.02571,0.02571,-0.067
0.02570,0.02570,-0.067
0.02499,0.02499,-0.067
0.02475,0.02475,-0.067
0.02467,0.02467,-0.066
0.02446,0.02446,-0.067
0.02463,0.02463,-0.071
0.02444,0.02444,-0.071
0.02415,0.02415,-0.073
0.02434,0.02434,-0.074
0.02441,0.02441,-0.075
0.02441,0.02441,-0.076
0.02446,0.02446,-0.075
0.02426,0.02426,-0.079
0.02432,0.02432,-0.080
0.02443,0.02443,-0.081
0.02428,0.02428,-0.080
0.02432,0.02432,-0.080
0.02449,0.02449,-0.081
0.02428,0.02428,-0.080
0.02399,0.02399,-0.081
0.02414,0.02414,-0.085
0.02409,0.02409,-0.085
0.02422,0.02422,-0.088
0.02444,0.02444,-0.089
0.02461,0.02461,-0.089
0.02449,0.02449,-0.089
0.02448,0.02448,-0.091
0.02495,0.02495,-0.093
0.02557,0.02557,-0.093
0.02609,0.02609,-0.092
0.02660,0.02660,-0.092
0.02692,0.02692,-0.092
0.02736,0.02736,-0.093
0.02774,0.02774,-0.093
0.02740,0.02740,-0.097
0.02792,0.02792,-0.097
0.02779,0.02779,-0.097
0.02753,0.02753,-0.096
0.02779,0.02779,-0.097
0.02754,0.02754,-0.099
0.02640,0.02640,-0.100
0.02634,0.02634,-0.100
0.02570,0.02570,-0.102
0.02570,0.02570,-0.102
0.02521,0.02521,-0.102
0.02510,0.02510,-0.104
0.02518,0.02518,-0.107
0.02496,0.02496,-0.107
0.02455,0.02455,-0.108
0.02466,0.02466,-0.111
0.02446,0.02446,-0.111
0.02443,0.02443,-0.111
0.02451,0.02451,-0.111
0.02448,0.02448,-0.111
0.02452,0.02452,-0.114
0.02452,0.02452,-0.115
0.02490,0.02490,-0.114
0.02432,0.02432,-0.115
0.02438,0.02438,-0.115
0.02446,0.02446,-0.115
0.02428,0.02428,-0.118
0.02451,0.02451,-0.119
0.02429,0.02429,-0.119
0.02419,0.02419,-0.119
0.02406,0.02406,-0.124
0.02406,0.02406,-0.125
0.02417,0.02417,-0.125
0.02420,0.02420,-0.123
0.02432,0.02432,-0.127
0.02440,0.02440,-0.129
0.02414,0.02414,-0.129
0.02435,0.02435,-0.128
0.02440,0.02440,-0.133
0.02434,0.02434,-0.133
0.02441,0.02441,-0.134
0.02443,0.02443,-0.133
0.02432,0.02432,-0.134
0.02435,0.02435,-0.138
0.02425,0.02425,-0.138
0.02443,0.02443,-0.138
0.02397,0.02397,-0.142
0.02415,0.02415,-0.143
0.02441,0.02441,-0.142
0.02444,0.02444,-0.142
0.02452,0.02452,-0.143
0.02432,0.02432,-0.142
0.02487,0.02487,-0.144
0.02507,0.02507,-0.148
0.02473,0.02473,-0.148
0.02527,0.02527,-0.147
0.02644,0.02644,-0.148
0.02724,0.02724,-0.148
0.02824,0.02824,-0.148
0.02888,0.02888,-0.151
0.02982,0.02982,-0.152
0.02977,0.02977,-0.151
0.02948,0.02948,-0.151
0.02919,0.02919,-0.155
0.02896,0.02896,-0.156
0.02892,0.02892,-0.156
0.02852,0.02852,-0.156
0.02711,0.02711,-0.160
0.02606,0.02606,-0.160
0.02547,0.02547,-0.160
0.02536,0.02536,-0.160
0.02547,0.02547,-0.160
0.02530,0.02530,-0.163
0.02513,0.02513,-0.165
0.02530,0.02530,-0.164
0.02538,0.02538,-0.165
0.02524,0.02524,-0.168
0.02493,0.02493,-0.170
0.02509,0.02509,-0.170
0.02516,0.02516,-0.170
0.02528,0.02528,-0.170
0.02547,0.02547,-0.170
0.02531,0.02531,-0.170
0.02559,0.02559,-0.170
0.02550,0.02550,-0.171
0.02547,0.02547,-0.171
0.02560,0.02560,-0.173
0.02481,0.02481,-0.174
0.02446,0.02446,-0.174
0.02477,0.02477,-0.174
0.02469,0.02469,-0.174
0.02486,0.02486,-0.174
0.02515,0.02515,-0.178
0.02513,0.02513,-0.179
0.02531,0.02531,-0.183
0.02507,0.02507,-0.183
0.02505,0.02505,-0.183
0.02528,0.02528,-0.184
0.02528,0.02528,-0.186
0.02507,0.02507,-0.186
0.02487,0.02487,-0.187
0.02448,0.02448,-0.187
0.02481,0.02481,-0.187
0.02528,0.02528,-0.189
0.02644,0.02644,-0.191
0.02826,0.02826,-0.190
0.02986,0.02986,-0.194
0.03241,0.03241,-0.195
0.03342,0.03342,-0.195
0.03400,0.03400,-0.196
0.03589,0.03589,-0.200
0.03807,0.03807,-0.200
0.03836,0.03836,-0.200
0.03867,0.03867,-0.200
0.03859,0.03859,-0.202
0.03815,0.03815,-0.205
0.03743,0.03743,-0.206
0.03580,0.03580,-0.206
0.03319,0.03319,-0.206
0.03148,0.03148,-0.206
0.02962,0.02962,-0.210
0.02879,0.02879,-0.210
0.02858,0.02858,-0.210
0.02789,0.02789,-0.214
0.02762,0.02762,-0.214
0.02791,0.02791,-0.214
0.02805,0.02805,-0.216
0.02795,0.02795,-0.219
0.02742,0.02742,-0.219
0.02740,0.02740,-0.218
0.02736,0.02736,-0.219
0.02765,0.02765,-0.219
0.02704,0.02704,-0.219
0.02689,0.02689,-0.220
0.02716,0.02716,-0.223
0.02695,0.02695,-0.224
0.02626,0.02626,-0.224
0.02570,0.02570,-0.225
0.02513,0.02513,-0.224
0.02492,0.02492,-0.225
0.02481,0.02481,-0.227
0.02443,0.02443,-0.229
0.02420,0.02420,-0.229
0.02487,0.02487,-0.231
0.02484,0.02484,-0.233
0.02502,0.02502,-0.233
0.02496,0.02496,-0.233
0.02495,0.02495,-0.235
0.02501,0.02501,-0.237
0.02466,0.02466,-0.237
0.02431,0.02431,-0.237
0.02414,0.02414,-0.240
0.02451,0.02451,-0.241
0.02441,0.02441,-0.241
0.02478,0.02478,-0.244
0.02504,0.02504,-0.245
0.02567,0.02567,-0.246
0.02594,0.02594,-0.249
0.02602,0.02602,-0.251
0.02609,0.02609,-0.251
0.02676,0.02676,-0.251
0.02759,0.02759,-0.251
0.02809,0.02809,-0.254
0.02853,0.02853,-0.254
0.02895,0.02895,-0.254
0.02885,0.02885,-0.255
0.02733,0.02733,-0.255
0.02719,0.02719,-0.256
0.02644,0.02644,-0.259
0.02576,0.02576,-0.260
0.02518,0.02518,-0.262
0.02521,0.02521,-0.266
0.02498,0.02498,-0.265
0.02470,0.02470,-0.267
0.02483,0.02483,-0.269
0.02495,0.02495,-0.269
0.02499,0.02499,-0.269
0.02458,0.02458,-0.273
0.02463,0.02463,-0.273
0.02466,0.02466,-0.273
0.02477,0.02477,-0.273
0.02473,0.02473,-0.273
0.02467,0.02467,-0.275
0.02481,0.02481,-0.276
0.02477,0.02477,-0.276
0.02498,0.02498,-0.276
0.02455,0.02455,-0.276
0.02455,0.02455,-0.276
0.02473,0.02473,-0.277
0.02458,0.02458,-0.276
0.02435,0.02435,-0.276
0.02441,0.02441,-0.277
0.02470,0.02470,-0.281
0.02451,0.02451,-0.281
0.02444,0.02444,-0.281
0.02422,0.02422,-0.281
0.02441,0.02441,-0.282
0.02431,0.02431,-0.287
0.02422,0.02422,-0.287
0.02431,0.02431,-0.287
0.02443,0.02443,-0.286
0.02428,0.02428,-0.290
0.02435,0.02435,-0.291
0.02431,0.02431,-0.292
0.02414,0.02414,-0.292
0.02415,0.02415,-0.292
0.02435,0.02435,-0.293
0.02425,0.02425,-0.296
0.02454,0.02454,-0.296
0.02393,0.02393,-0.297
0.02426,0.02426,-0.300
0.02460,0.02460,-0.300
0.02448,0.02448,-0.300
0.02498,0.02498,-0.299
0.02495,0.02495,-0.299
0.02531,0.02531,-0.302
0.02586,0.02586,-0.304
0.02577,0.02577,-0.304
0.02582,0.02582,-0.304
0.02591,0.02591,-0.304
0.02567,0.02567,-0.304
0.02612,0.02612,-0.304
0.02597,0.02597,-0.304
0.02646,0.02646,-0.304
0.02716,0.02716,-0.304
0.02754,0.02754,-0.304
0.02748,0.02748,-0.304
0.02748,0.02748,-0.304
0.02829,0.02829,-0.305
0.03006,0.03006,-0.307
0.03085,0.03085,-0.308
0.03156,0.03156,-0.308
0.03195,0.03195,-0.308
0.03183,0.03183,-0.309
0.03156,0.03156,-0.308
0.03127,0.03127,-0.308
0.03085,0.03085,-0.311
0.02991,0.02991,-0.313
0.02914,0.02914,-0.314
0.02814,0.02814,-0.313
0.02765,0.02765,-0.317
0.02702,0.02702,-0.319
0.02635,0.02635,-0.319
0.02625,0.02625,-0.319
0.02571,0.02571,-0.321
0.02591,0.02591,-0.324
0.02568,0.02568,-0.324
0.02553,0.02553,-0.324
0.02571,0.02571,-0.327
0.02586,0.02586,-0.328
0.02573,0.02573,-0.328
0.02600,0.02600,-0.328
0.02563,0.02563,-0.328
0.02568,0.02568,-0.328
0.02582,0.02582,-0.332
0.02553,0.02553,-0.333
0.02509,0.02509,-0.333
0.02513,0.02513,-0.333
0.02458,0.02458,-0.332
0.02473,0.02473,-0.333
0.02451,0.02451,-0.332
0.02469,0.02469,-0.335
0.02458,0.02458,-0.337
0.02534,0.02534,-0.337
0.02519,0.02519,-0.337
0.02541,0.02541,-0.337
0.02585,0.02585,-0.338
0.02586,0.02586,-0.342
0.02600,0.02600,-0.341
0.02583,0.02583,-0.341
0.02568,0.02568,-0.345
0.02519,0.02519,-0.346
0.02525,0.02525,-0.346
0.02470,0.02470,-0.347
0.02486,0.02486,-0.349
0.02481,0.02481,-0.351
0.02467,0.02467,-0.351
0.02446,0.02446,-0.351
0.02484,0.02484,-0.352
0.02682,0.02682,-0.353
0.02838,0.02838,-0.355
0.02808,0.02808,-0.355
0.02855,0.02855,-0.355
0.02843,0.02843,-0.355
0.02924,0.02924,-0.354
0.02960,0.02960,-0.355
0.03015,0.03015,-0.356
0.03036,0.03036,-0.356
0.03053,0.03053,-0.357
0.03073,0.03073,-0.358
0.03104,0.03104,-0.358
0.03134,0.03134,-0.358
0.03287,0.03287,-0.357
0.03723,0.03723,-0.358
0.03902,0.03902,-0.358
0.04071,0.04071,-0.358
0.04622,0.04622,-0.358
0.04694,0.04694,-0.358
0.04698,0.04698,-0.358
0.04706,0.04706,-0.358
0.04556,0.04556,-0.362
0.04434,0.04434,-0.363
0.04219,0.04219,-0.363
0.04063,0.04063,-0.364
0.03513,0.03513,-0.368
0.03442,0.03442,-0.368
0.03252,0.03252,-0.367
0.03120,0.03120,-0.370
0.02962,0.02962,-0.372
0.02950,0.02950,-0.373
0.02922,0.02922,-0.372
0.02925,0.02925,-0.376
0.02928,0.02928,-0.378
0.02856,0.02856,-0.378
0.02827,0.02827,-0.377
0.02872,0.02872,-0.378
0.02840,0.02840,-0.377
0.02826,0.02826,-0.377
0.02855,0.02855,-0.380
0.02843,0.02843,-0.382
0.02823,0.02823,-0.381
0.02831,0.02831,-0.382
0.02843,0.02843,-0.382
0.02808,0.02808,-0.382
0.02827,0.02827,-0.382
0.02844,0.02844,-0.382
0.02823,0.02823,-0.382
0.02791,0.02791,-0.381
0.02780,0.02780,-0.382
0.02760,0.02760,-0.382
0.02756,0.02756,-0.382
0.02747,0.02747,-0.383
0.02722,0.02722,-0.385
0.02682,0.02682,-0.387
0.02541,0.02541,-0.387
0.02560,0.02560,-0.387
0.02536,0.02536,-0.387
0.02550,0.02550,-0.387
0.02536,0.02536,-0.387
0.02544,0.02544,-0.389
0.02499,0.02499,-0.391
0.02525,0.02525,-0.391
0.02499,0.02499,-0.391
0.02492,0.02492,-0.391
0.02510,0.02510,-0.392
0.02489,0.02489,-0.391
0.02528,0.02528,-0.391
0.02531,0.02531,-0.391
0.02498,0.02498,-0.391
0.02518,0.02518,-0.391
0.02530,0.02530,-0.393
0.02538,0.02538,-0.394
0.02536,0.02536,-0.394
0.02551,0.02551,-0.394
0.02582,0.02582,-0.395
0.02509,0.02509,-0.394
0.02493,0.02493,-0.394
0.02495,0.02495,-0.396
0.02458,0.02458,-0.399
0.02423,0.02423,-0.399
0.02429,0.02429,-0.399
0.02431,0.02431,-0.399
0.02446,0.02446,-0.401
0.02461,0.02461,-0.403
0.02515,0.02515,-0.403
0.02521,0.02521,-0.402
0.02567,0.02567,-0.403
0.02583,0.02583,-0.404
0.02628,0.02628,-0.406
0.02647,0.02647,-0.408
0.02650,0.02650,-0.409
0.02699,0.02699,-0.408
0.02689,0.02689,-0.409
0.02721,0.02721,-0.409
0.02701,0.02701,-0.409
0.02707,0.02707,-0.409
0.02693,0.02693,-0.409
0.02708,0.02708,-0.409
0.02711,0.02711,-0.408
0.02739,0.02739,-0.407
0.02733,0.02733,-0.408
0.02785,0.02785,-0.408
0.02774,0.02774,-0.409
0.02763,0.02763,-0.408
0.02794,0.02794,-0.408
0.02940,0.02940,-0.410
0.02988,0.02988,-0.410
0.03075,0.03075,-0.410
0.03119,0.03119,-0.410
0.03169,0.03169,-0.412
0.03146,0.03146,-0.415
0.03084,0.03084,-0.415
0.03084,0.03084,-0.414
0.02989,0.02989,-0.415
0.02917,0.02917,-0.419
0.02861,0.02861,-0.418
0.02840,0.02840,-0.420
0.02820,0.02820,-0.422
0.02722,0.02722,-0.422
0.02724,0.02724,-0.422
0.02701,0.02701,-0.424
0.02705,0.02705,-0.426
0.02676,0.02676,-0.427
0.02718,0.02718,-0.426
0.02696,0.02696,-0.426
0.02647,0.02647,-0.426
0.02611,0.02611,-0.426
0.02612,0.02612,-0.426
0.02614,0.02614,-0.426
0.02609,0.02609,-0.426
0.02609,0.02609,-0.428
0.02591,0.02591,-0.431
0.02557,0.02557,-0.432
0.02583,0.02583,-0.431
0.02547,0.02547,-0.431
0.02544,0.02544,-0.432
0.02499,0.02499,-0.432
0.02536,0.02536,-0.432
0.02510,0.02510,-0.433
0.02457,0.02457,-0.436
0.02435,0.02435,-0.437
0.02452,0.02452,-0.437
0.02431,0.02431,-0.438
0.02422,0.02422,-0.441
0.02452,0.02452,-0.441
0.02473,0.02473,-0.441
0.02441,0.02441,-0.444
0.02437,0.02437,-0.446
0.02448,0.02448,-0.445
0.02432,0.02432,-0.445
0.02457,0.02457,-0.445
0.02420,0.02420,-0.448
0.02443,0.02443,-0.450
0.02422,0.02422,-0.450
0.02446,0.02446,-0.450
0.02431,0.02431,-0.449
0.02432,0.02432,-0.449
0.02412,0.02412,-0.449
0.02402,0.02402,-0.449
0.02438,0.02438,-0.449
0.02435,0.02435,-0.449
0.02461,0.02461,-0.450
0.02457,0.02457,-0.453
0.02454,0.02454,-0.453
0.02441,0.02441,-0.453
0.02446,0.02446,-0.453
0.02464,0.02464,-0.455
0.02440,0.02440,-0.458
0.02460,0.02460,-0.458
0.02457,0.02457,-0.458
0.02467,0.02467,-0.458
0.02455,0.02455,-0.457
0.02499,0.02499,-0.457
0.02496,0.02496,-0.458
0.02505,0.02505,-0.458
0.02464,0.02464,-0.458
0.02515,0.02515,-0.459
0.02530,0.02530,-0.461
0.02577,0.02577,-0.462
0.02580,0.02580,-0.462
0.02603,0.02603,-0.462
0.02773,0.02773,-0.461
0.02872,0.02872,-0.462
0.02931,0.02931,-0.463
0.02988,0.02988,-0.465
0.03044,0.03044,-0.467
0.02971,0.02971,-0.468
0.02924,0.02924,-0.467
0.02850,0.02850,-0.470
0.02666,0.02666,-0.472
0.02628,0.02628,-0.473
0.02600,0.02600,-0.476
0.02603,0.02603,-0.476
0.02623,0.02623,-0.479
0.02646,0.02646,-0.480
0.02654,0.02654,-0.480
0.02629,0.02629,-0.483
0.02643,0.02643,-0.484
0.02602,0.02602,-0.484
0.02603,0.02603,-0.485
0.02594,0.02594,-0.489
0.02565,0.02565,-0.489
0.02516,0.02516,-0.489
0.02490,0.02490,-0.489
0.02477,0.02477,-0.489
0.02455,0.02455,-0.491
0.02473,0.02473,-0.493
0.02466,0.02466,-0.493
0.02475,0.02475,-0.493
0.02443,0.02443,-0.494
0.02490,0.02490,-0.498
0.02525,0.02525,-0.499
0.02626,0.02626,-0.498
0.02672,0.02672,-0.498
0.02551,0.02551,-0.499
0.02499,0.02499,-0.498
0.02473,0.02473,-0.498
0.02458,0.02458,-0.501
0.02441,0.02441,-0.504
0.02498,0.02498,-0.507
0.02496,0.02496,-0.508
0.02519,0.02519,-0.508
0.02512,0.02512,-0.509
0.02536,0.02536,-0.511
0.02548,0.02548,-0.512
0.02551,0.02551,-0.512
0.02577,0.02577,-0.513
0.02563,0.02563,-0.513
0.02596,0.02596,-0.512
0.02571,0.02571,-0.512
0.02550,0.02550,-0.512
0.02608,0.02608,-0.512
0.02602,0.02602,-0.512
0.02594,0.02594,-0.512
0.02589,0.02589,-0.512
0.02615,0.02615,-0.512
0.02585,0.02585,-0.513
0.02585,0.02585,-0.513
0.02599,0.02599,-0.513
0.02617,0.02617,-0.513
0.02586,0.02586,-0.513
0.02588,0.02588,-0.513
0.02597,0.02597,-0.513
0.02621,0.02621,-0.513
0.02657,0.02657,-0.513
0.02672,0.02672,-0.513
0.02675,0.02675,-0.512
0.02692,0.02692,-0.512
0.02678,0.02678,-0.512
0.02702,0.02702,-0.512
0.02666,0.02666,-0.512
0.02686,0.02686,-0.512
0.02676,0.02676,-0.512
0.02675,0.02675,-0.512
0.02707,0.02707,-0.512
0.02716,0.02716,-0.512
0.02634,0.02634,-0.512
0.02669,0.02669,-0.512
0.02715,0.02715,-0.512
0.02696,0.02696,-0.512
0.02667,0.02667,-0.512
0.02682,0.02682,-0.512
0.02710,0.02710,-0.512
0.02715,0.02715,-0.512
0.02702,0.02702,-0.512
0.02702,0.02702,-0.513
0.02678,0.02678,-0.512
0.02646,0.02646,-0.512
0.02698,0.02698,-0.513
0.02719,0.02719,-0.513
0.02684,0.02684,-0.513
0.02733,0.02733,-0.513
0.02811,0.02811,-0.513
0.03484,0.03484,-0.513
0.04425,0.04425,-0.513
0.04010,0.04010,-0.513
0.04556,0.04556,-0.513
0.04657,0.04657,-0.513
0.04416,0.04416,-0.516
0.04854,0.04854,-0.516
0.05023,0.05023,-0.517
0.05583,0.05583,-0.516
0.05800,0.05800,-0.517
0.05948,0.05948,-0.517
0.05865,0.05865,-0.518
0.05183,0.05183,-0.520
0.04861,0.04861,-0.520
0.04533,0.04533,-0.521
0.03865,0.03865,-0.523
0.03401,0.03401,-0.526
0.03310,0.03310,-0.527
0.03249,0.03249,-0.531
0.03160,0.03160,-0.530
0.03102,0.03102,-0.533
0.03084,0.03084,-0.535
0.03067,0.03067,-0.536
0.03069,0.03069,-0.536
0.03046,0.03046,-0.537
0.03041,0.03041,-0.539
0.03078,0.03078,-0.540
0.03055,0.03055,-0.540
0.03061,0.03061,-0.540
0.03041,0.03041,-0.540
0.03038,0.03038,-0.540
0.03043,0.03043,-0.539
0.03056,0.03056,-0.540
0.03064,0.03064,-0.543
0.03053,0.03053,-0.544
0.03018,0.03018,-0.544
0.03018,0.03018,-0.544
0.03014,0.03014,-0.544
0.02863,0.02863,-0.544
0.02757,0.02757,-0.543
0.02689,0.02689,-0.544
0.02614,0.02614,-0.544
0.02620,0.02620,-0.543
0.02586,0.02586,-0.545
0.02602,0.02602,-0.548
0.02643,0.02643,-0.549
0.02614,0.02614,-0.548
0.02620,0.02620,-0.550
0.02617,0.02617,-0.551
0.02618,0.02618,-0.550
0.02666,0.02666,-0.551
0.02664,0.02664,-0.551
0.02727,0.02727,-0.551
0.02670,0.02670,-0.553
0.02641,0.02641,-0.552
0.02557,0.02557,-0.552
0.02528,0.02528,-0.555
0.02498,0.02498,-0.556
0.02443,0.02443,-0.556
0.02563,0.02563,-0.558
0.02786,0.02786,-0.562
0.02834,0.02834,-0.562
0.02890,0.02890,-0.561
0.03102,0.03102,-0.562
0.03539,0.03539,-0.566
0.03918,0.03918,-0.567
0.04153,0.04153,-0.567
0.04884,0.04884,-0.568
0.05037,0.05037,-0.570
0.04964,0.04964,-0.571
0.04733,0.04733,-0.570
0.03720,0.03720,-0.571
0.03242,0.03242,-0.573
0.03000,0.03000,-0.575
0.02867,0.02867,-0.577
0.02872,0.02872,-0.579
0.02847,0.02847,-0.581
0.02829,0.02829,-0.585
0.02824,0.02824,-0.589
0.02838,0.02838,-0.591
0.02808,0.02808,-0.590
0.02757,0.02757,-0.590
0.02756,0.02756,-0.590
0.02724,0.02724,-0.590
0.02626,0.02626,-0.590
0.02629,0.02629,-0.592
0.02577,0.02577,-0.592
0.02567,0.02567,-0.594
0.02548,0.02548,-0.594
0.02545,0.02545,-0.594
0.02528,0.02528,-0.594
0.02545,0.02545,-0.595
0.02509,0.02509,-0.597
0.02515,0.02515,-0.598
0.02495,0.02495,-0.598
0.02505,0.02505,-0.598
0.02524,0.02524,-0.598
0.02521,0.02521,-0.597
0.02531,0.02531,-0.598
0.02518,0.02518,-0.598
0.02536,0.02536,-0.598
0.02502,0.02502,-0.597
0.02513,0.02513,-0.598
0.02521,0.02521,-0.598
0.02498,0.02498,-0.597
0.02527,0.02527,-0.597
0.02493,0.02493,-0.597
0.02507,0.02507,-0.598
0.02504,0.02504,-0.598
0.02481,0.02481,-0.599
0.02493,0.02493,-0.600
0.02466,0.02466,-0.601
0.02443,0.02443,-0.601
0.02451,0.02451,-0.601
0.02429,0.02429,-0.600
0.02432,0.02432,-0.603
0.02415,0.02415,-0.605
0.02446,0.02446,-0.605
0.02437,0.02437,-0.606
0.02414,0.02414,-0.606
0.02431,0.02431,-0.610
0.02461,0.02461,-0.610
0.02455,0.02455,-0.610
0.02473,0.02473,-0.610
0.02464,0.02464,-0.612
0.02473,0.02473,-0.615
0.02515,0.02515,-0.615
0.02515,0.02515,-0.615
0.02542,0.02542,-0.615
0.02562,0.02562,-0.615
0.02670,0.02670,-0.619
0.02788,0.02788,-0.620
0.02866,0.02866,-0.620
0.02937,0.02937,-0.622
0.03142,0.03142,-0.624
0.03252,0.03252,-0.624
0.03288,0.03288,-0.625
0.03387,0.03387,-0.625
0.03427,0.03427,-0.628
0.03230,0.03230,-0.629
0.03076,0.03076,-0.629
0.02940,0.02940,-0.630
0.02884,0.02884,-0.631
0.02702,0.02702,-0.634
0.02652,0.02652,-0.634
0.02657,0.02657,-0.637
0.02625,0.02625,-0.637
0.02641,0.02641,-0.637
0.02658,0.02658,-0.641
0.02693,0.02693,-0.641
0.02695,0.02695,-0.642
0.02725,0.02725,-0.641
0.02698,0.02698,-0.641
0.02698,0.02698,-0.644
0.02669,0.02669,-0.647
0.02640,0.02640,-0.647
0.02605,0.02605,-0.647
0.02577,0.02577,-0.648
0.02577,0.02577,-0.652
0.02568,0.02568,-0.652
0.02533,0.02533,-0.652
0.02510,0.02510,-0.652
0.02470,0.02470,-0.652
0.02452,0.02452,-0.653
0.02484,0.02484,-0.654
0.02463,0.02463,-0.655
0.02463,0.02463,-0.656
0.02470,0.02470,-0.657
0.02625,0.02625,-0.657
0.02715,0.02715,-0.656
0.02753,0.02753,-0.656
0.02780,0.02780,-0.656
0.02812,0.02812,-0.659
0.02754,0.02754,-0.659
0.02710,0.02710,-0.659
0.02589,0.02589,-0.659
0.02504,0.02504,-0.660
0.02463,0.02463,-0.663
0.02513,0.02513,-0.663
0.02747,0.02747,-0.663
0.02744,0.02744,-0.663
0.02769,0.02769,-0.667
0.02779,0.02779,-0.669
0.02802,0.02802,-0.670
0.02870,0.02870,-0.668
0.03014,0.03014,-0.668
0.03107,0.03107,-0.668
0.03680,0.03680,-0.668
0.03954,0.03954,-0.667
0.04704,0.04704,-0.670
0.05299,0.05299,-0.671
0.05692,0.05692,-0.673
0.06137,0.06137,-0.673
0.07019,0.07019,-0.673
0.07468,0.07468,-0.673
0.07822,0.07822,-0.674
0.08116,0.08116,-0.677
0.08078,0.08078,-0.678
0.07498,0.07498,-0.678
0.07079,0.07079,-0.677
0.06770,0.06770,-0.678
0.06630,0.06630,-0.682
0.06537,0.06537,-0.682
0.06621,0.06621,-0.685
0.06284,0.06284,-0.687
0.04666,0.04666,-0.687
0.04224,0.04224,-0.687
0.03728,0.03728,-0.687
0.03554,0.03554,-0.687
0.03510,0.03510,-0.689
0.03410,0.03410,-0.692
0.03218,0.03218,-0.692
0.03078,0.03078,-0.696
0.02905,0.02905,-0.697
0.02852,0.02852,-0.700
0.02817,0.02817,-0.700
0.02858,0.02858,-0.705
0.02873,0.02873,-0.705
0.02928,0.02928,-0.706
0.02979,0.02979,-0.709
0.02933,0.02933,-0.710
0.02826,0.02826,-0.710
0.02492,0.02492,-0.710
0.02460,0.02460,-0.711
0.02463,0.02463,-0.715
0.02588,0.02588,-0.716
0.02734,0.02734,-0.719
0.03232,0.03232,-0.719
0.03772,0.03772,-0.722
0.04045,0.04045,-0.722
0.04861,0.04861,-0.722
0.05132,0.05132,-0.722
0.05347,0.05347,-0.726
0.05379,0.05379,-0.726
0.05383,0.05383,-0.726
0.05379,0.05379,-0.726
0.05412,0.05412,-0.728
0.05389,0.05389,-0.730
0.05351,0.05351,-0.730
0.05418,0.05418,-0.731
0.05362,0.05362,-0.731
0.05397,0.05397,-0.731
0.05408,0.05408,-0.730
0.05389,0.05389,-0.731
0.05411,0.05411,-0.730
0.05414,0.05414,-0.731
0.05487,0.05487,-0.730
0.05545,0.05545,-0.730
0.05606,0.05606,-0.730
0.05727,0.05727,-0.730
0.05898,0.05898,-0.731
0.06036,0.06036,-0.731
0.06245,0.06245,-0.731
0.07188,0.07188,-0.731
0.07571,0.07571,-0.731
0.07780,0.07780,-0.731
0.07817,0.07817,-0.732
0.07420,0.07420,-0.731
0.06465,0.06465,-0.731
0.06056,0.06056,-0.732
0.05667,0.05667,-0.734
0.05342,0.05342,-0.735
0.04922,0.04922,-0.737
0.04620,0.04620,-0.740
0.04262,0.04262,-0.741
0.04015,0.04015,-0.740
0.03609,0.03609,-0.742
0.03494,0.03494,-0.745
0.03380,0.03380,-0.746
0.03270,0.03270,-0.745
0.03072,0.03072,-0.745
0.02985,0.02985,-0.747
0.02908,0.02908,-0.750
0.02824,0.02824,-0.750
0.02710,0.02710,-0.750
0.02673,0.02673,-0.754
0.02605,0.02605,-0.754
0.02570,0.02570,-0.754
0.02573,0.02573,-0.756
0.02579,0.02579,-0.758
0.02579,0.02579,-0.757
0.02560,0.02560,-0.758
0.02525,0.02525,-0.760
0.02524,0.02524,-0.762
0.02499,0.02499,-0.762
0.02509,0.02509,-0.763
0.02486,0.02486,-0.762
0.02475,0.02475,-0.764
0.02509,0.02509,-0.766
0.02573,0.02573,-0.770
0.02560,0.02560,-0.771
0.02629,0.02629,-0.771
0.02620,0.02620,-0.771
0.02609,0.02609,-0.776
0.02660,0.02660,-0.776
0.02733,0.02733,-0.777
0.02742,0.02742,-0.777
0.02794,0.02794,-0.777
0.02832,0.02832,-0.780
0.02933,0.02933,-0.780
0.03023,0.03023,-0.781
0.03069,0.03069,-0.780
0.03067,0.03067,-0.782
0.03098,0.03098,-0.784
0.03114,0.03114,-0.784
0.03168,0.03168,-0.785
0.03308,0.03308,-0.784
0.03264,0.03264,-0.784
0.03288,0.03288,-0.784
0.03300,0.03300,-0.785
0.03293,0.03293,-0.787
0.03339,0.03339,-0.789
0.03337,0.03337,-0.789
0.03319,0.03319,-0.789
0.03316,0.03316,-0.789
0.03326,0.03326,-0.789
0.03326,0.03326,-0.789
0.03308,0.03308,-0.789
0.03299,0.03299,-0.789
0.03323,0.03323,-0.789
0.03339,0.03339,-0.788
0.03355,0.03355,-0.789
0.03311,0.03311,-0.788
0.03329,0.03329,-0.789
0.03342,0.03342,-0.788
0.03456,0.03456,-0.789
0.03459,0.03459,-0.789
0.03499,0.03499,-0.789
0.03528,0.03528,-0.788
0.03511,0.03511,-0.788
0.03525,0.03525,-0.788
0.03551,0.03551,-0.789
0.03564,0.03564,-0.789
0.03578,0.03578,-0.791
0.03607,0.03607,-0.791
0.03635,0.03635,-0.791
0.03635,0.03635,-0.791
0.03644,0.03644,-0.793
0.03571,0.03571,-0.794
0.03368,0.03368,-0.795
0.03275,0.03275,-0.794
0.03168,0.03168,-0.796
0.03004,0.03004,-0.794
0.02930,0.02930,-0.796
0.02859,0.02859,-0.800
0.02782,0.02782,-0.800
0.02713,0.02713,-0.800
0.02698,0.02698,-0.800
0.02756,0.02756,-0.805
0.02739,0.02739,-0.807
0.02734,0.02734,-0.807
0.02759,0.02759,-0.807
0.02690,0.02690,-0.811
0.02664,0.02664,-0.811
0.02594,0.02594,-0.812
0.02560,0.02560,-0.812
0.02618,0.02618,-0.815
0.02843,0.02843,-0.816
0.03024,0.03024,-0.816
0.03008,0.03008,-0.816
0.02768,0.02768,-0.819
0.02797,0.02797,-0.820
0.02577,0.02577,-0.822
0.02512,0.02512,-0.825
0.02522,0.02522,-0.826
0.02856,0.02856,-0.829
0.04074,0.04074,-0.829
0.04916,0.04916,-0.831
0.09360,0.09360,-0.833
0.12064,0.12064,-0.833
0.12906,0.12906,-0.833
0.16544,0.16544,-0.836
0.16507,0.16507,-0.838
0.16624,0.16624,-0.838
0.17015,0.17015,-0.841
0.19984,0.19984,-0.842
0.18143,0.18143,-0.841
0.18190,0.18190,-0.841
0.15149,0.15149,-0.842
0.13820,0.13820,-0.843
0.11641,0.11641,-0.846
0.11005,0.11005,-0.848
0.08640,0.08640,-0.850
0.07344,0.07344,-0.851
0.06578,0.06578,-0.852
0.05980,0.05980,-0.856
0.05559,0.05559,-0.856
0.05579,0.05579,-0.855
0.05595,0.05595,-0.857
0.05583,0.05583,-0.861
0.05531,0.05531,-0.861
0.05432,0.05432,-0.862
0.05128,0.05128,-0.862
0.04678,0.04678,-0.866
0.03764,0.03764,-0.866
0.03455,0.03455,-0.865
0.03389,0.03389,-0.865
0.03464,0.03464,-0.867
0.03577,0.03577,-0.870
0.03717,0.03717,-0.870
0.04158,0.04158,-0.872
0.04198,0.04198,-0.874
0.03857,0.03857,-0.874
0.03412,0.03412,-0.874
0.03145,0.03145,-0.875
0.02844,0.02844,-0.879
0.02594,0.02594,-0.879
0.02618,0.02618,-0.881
0.02617,0.02617,-0.883
0.02608,0.02608,-0.882
0.02637,0.02637,-0.883
0.02615,0.02615,-0.885
0.02722,0.02722,-0.887
0.02692,0.02692,-0.887
0.02800,0.02800,-0.888
0.02890,0.02890,-0.888
0.02864,0.02864,-0.888
0.02960,0.02960,-0.887
0.02933,0.02933,-0.888
0.02922,0.02922,-0.887
0.02982,0.02982,-0.888
0.02975,0.02975,-0.889
0.03000,0.03000,-0.888
0.03206,0.03206,-0.888
0.03372,0.03372,-0.888
0.03816,0.03816,-0.888
0.08025,0.08025,-0.888
0.08948,0.08948,-0.888
0.09352,0.09352,-0.888
0.10980,0.10980,-0.888
0.11717,0.11717,-0.890
0.14513,0.14513,-0.892
0.15938,0.15938,-0.892
0.16042,0.16042,-0.892
0.16853,0.16853,-0.892
0.17123,0.17123,-0.893
0.17984,0.17984,-0.897
0.19563,0.19563,-0.897
0.20146,0.20146,-0.897
0.19882,0.19882,-0.897
0.19421,0.19421,-0.897
0.17593,0.17593,-0.897
0.16600,0.16600,-0.901
0.15741,0.15741,-0.901
0.14807,0.14807,-0.901
0.12115,0.12115,-0.901
0.10826,0.10826,-0.904
0.10063,0.10063,-0.906
0.08432,0.08432,-0.905
0.07579,0.07579,-0.905
0.06953,0.06953,-0.905
0.06148,0.06148,-0.907
0.05363,0.05363,-0.911
0.05066,0.05066,-0.911
0.04927,0.04927,-0.910
0.04828,0.04828,-0.910
0.04593,0.04593,-0.911
0.04475,0.04475,-0.914
0.04356,0.04356,-0.915
0.04213,0.04213,-0.915
0.04036,0.04036,-0.915
0.03957,0.03957,-0.915
0.03830,0.03830,-0.919
0.03743,0.03743,-0.919
0.03421,0.03421,-0.919
0.03281,0.03281,-0.919
0.03201,0.03201,-0.919
0.03146,0.03146,-0.919
0.03046,0.03046,-0.921
0.02997,0.02997,-0.924
0.02927,0.02927,-0.924
0.02847,0.02847,-0.924
0.02773,0.02773,-0.924
0.02742,0.02742,-0.925
0.02711,0.02711,-0.928
0.02721,0.02721,-0.929
0.02693,0.02693,-0.929
0.02676,0.02676,-0.929
0.02702,0.02702,-0.933
0.02705,0.02705,-0.933
0.02701,0.02701,-0.933
0.02719,0.02719,-0.936
0.02695,0.02695,-0.938
0.02699,0.02699,-0.937
0.02672,0.02672,-0.937
0.02713,0.02713,-0.937
0.02727,0.02727,-0.938
0.02724,0.02724,-0.937
0.02722,0.02722,-0.937
0.02734,0.02734,-0.938
0.02719,0.02719,-0.941
0.02715,0.02715,-0.941
0.02708,0.02708,-0.941
0.02748,0.02748,-0.941
0.02733,0.02733,-0.941
0.02754,0.02754,-0.941
0.02742,0.02742,-0.941
0.02718,0.02718,-0.941
0.02676,0.02676,-0.941
0.02667,0.02667,-0.942
0.02664,0.02664,-0.944
0.02690,0.02690,-0.946
0.02766,0.02766,-0.946
0.02806,0.02806,-0.946
0.02805,0.02805,-0.946
0.02795,0.02795,-0.947
0.02786,0.02786,-0.948
0.02766,0.02766,-0.948
0.02795,0.02795,-0.948
0.02773,0.02773,-0.949
0.02798,0.02798,-0.949
0.02777,0.02777,-0.951
0.02780,0.02780,-0.952
0.02765,0.02765,-0.951
0.02773,0.02773,-0.951
0.02803,0.02803,-0.951
0.02786,0.02786,-0.950
0.02774,0.02774,-0.951
0.02789,0.02789,-0.951
0.02783,0.02783,-0.951
0.02794,0.02794,-0.951
0.02818,0.02818,-0.950
0.02798,0.02798,-0.950
0.02777,0.02777,-0.951
0.02771,0.02771,-0.951
0.02737,0.02737,-0.952
0.02792,0.02792,-0.952
0.02780,0.02780,-0.951
0.02785,0.02785,-0.951
0.02774,0.02774,-0.951
0.02823,0.02823,-0.952
0.03387,0.03387,-0.951
0.03697,0.03697,-0.952
0.04187,0.04187,-0.951
0.03856,0.03856,-0.951
0.04251,0.04251,-0.952
0.04265,0.04265,-0.954
0.03983,0.03983,-0.956
0.04366,0.04366,-0.956
0.04149,0.04149,-0.956
0.04475,0.04475,-0.956
0.04558,0.04558,-0.956
0.04657,0.04657,-0.956
0.04582,0.04582,-0.958
0.04597,0.04597,-0.960
0.04639,0.04639,-0.960
0.04581,0.04581,-0.960
0.04605,0.04605,-0.960
0.04527,0.04527,-0.960
0.04567,0.04567,-0.960
0.04471,0.04471,-0.960
0.04547,0.04547,-0.960
0.04549,0.04549,-0.960
0.04459,0.04459,-0.960
0.04514,0.04514,-0.960
0.04367,0.04367,-0.961
0.04012,0.04012,-0.962
0.03116,0.03116,-0.962
0.03105,0.03105,-0.962
0.03110,0.03110,-0.962
0.03073,0.03073,-0.963
0.03131,0.03131,-0.963
0.03276,0.03276,-0.963
0.03331,0.03331,-0.963
0.03642,0.03642,-0.966
0.03882,0.03882,-0.968
0.04019,0.04019,-0.968
0.04137,0.04137,-0.968
0.04129,0.04129,-0.968
0.04082,0.04082,-0.967
0.04034,0.04034,-0.968
0.04016,0.04016,-0.971
0.03972,0.03972,-0.972
0.03889,0.03889,-0.972
0.03831,0.03831,-0.971
0.03522,0.03522,-0.972
0.03326,0.03326,-0.972
0.03314,0.03314,-0.972
0.03282,0.03282,-0.972
0.03200,0.03200,-0.973
0.03085,0.03085,-0.976
0.03015,0.03015,-0.976
0.02721,0.02721,-0.976
0.02721,0.02721,-0.976
0.02689,0.02689,-0.977
0.02716,0.02716,-0.977
0.02815,0.02815,-0.976
0.03880,0.03880,-0.976
0.04395,0.04395,-0.976
0.05368,0.05368,-0.977
0.05380,0.05380,-0.979
0.05508,0.05508,-0.981
0.05411,0.05411,-0.981
0.05974,0.05974,-0.981
0.06105,0.06105,-0.985
0.06093,0.06093,-0.986
0.05986,0.05986,-0.987
0.05833,0.05833,-0.987
0.05563,0.05563,-0.987
0.05109,0.05109,-0.988
0.04958,0.04958,-0.987
0.04559,0.04559,-0.987
0.04305,0.04305,-0.987
0.04321,0.04321,-0.991
0.04285,0.04285,-0.992
0.04123,0.04123,-0.991
0.04041,0.04041,-0.991
0.03926,0.03926,-0.992
0.03880,0.03880,-0.992
0.04047,0.04047,-0.992
0.04762,0.04762,-0.992
0.04903,0.04903,-0.991
0.05481,0.05481,-0.992
0.06204,0.06204,-0.992
0.06398,0.06398,-0.994
0.07797,0.07797,-0.996
0.17426,0.17426,-0.995
0.19830,0.19830,-0.996
0.21764,0.21764,-0.996
0.23996,0.23996,-0.995
0.27452,0.27452,-0.995
0.32692,0.32692,-0.995
0.29346,0.29346,-0.996
0.29842,0.29842,-0.997
0.32993,0.32993,-0.998
0.30077,0.30077,-0.998
0.32227,0.32227,-0.999
0.41074,0.41074,-0.999
0.39949,0.39949,-0.999
0.63474,0.63474,-1.000
0.69124,0.69124,-0.999
0.72440,0.72440,-1.000
0.72777,0.72777,-0.999
0.76155,0.76155,-1.000
0.85352,0.85352,-1.000
0.80887,0.80887,-1.000
0.87892,0.87892,-1.001
0.94063,0.94063,-1.003
1.05147,1.05147,-1.004
1.18733,1.18733,-1.003
1.22685,1.22685,-1.004
1.23410,1.23410,-1.004
1.16508,1.16508,-1.004
1.14230,1.14230,-1.004
1.12131,1.12131,-1.004
1.07817,1.07817,-1.008
1.04120,1.04120,-1.008
0.84251,0.84251,-1.008
0.72055,0.72055,-1.008
0.68929,0.68929,-1.009
0.66905,0.66905,-1.010
0.64442,0.64442,-1.014
0.61795,0.61795,-1.014
0.60693,0.60693,-1.014
0.58316,0.58316,-1.015
0.56332,0.56332,-1.015
0.56082,0.56082,-1.015
0.55080,0.55080,-1.015
0.54337,0.54337,-1.014
0.52695,0.52695,-1.015
0.51401,0.51401,-1.015
0.50017,0.50017,-1.016
0.41260,0.41260,-1.016
0.30460,0.30460,-1.016
0.28575,0.28575,-1.018
0.32848,0.32848,-1.019
0.28499,0.28499,-1.019
0.28127,0.28127,-1.019
0.28180,0.28180,-1.019
0.26387,0.26387,-1.019
0.23000,0.23000,-1.020
0.22847,0.22847,-1.020
0.22836,0.22836,-1.020
0.22861,0.22861,-1.020
0.22935,0.22935,-1.019
0.23082,0.23082,-1.020
0.23163,0.23163,-1.021
0.23714,0.23714,-1.022
0.25229,0.25229,-1.023
0.25687,0.25687,-1.023
0.25935,0.25935,-1.023
0.24878,0.24878,-1.023
0.22554,0.22554,-1.023
0.19829,0.19829,-1.023
0.15602,0.15602,-1.023
0.12238,0.12238,-1.027
0.09293,0.09293,-1.027
0.08290,0.08290,-1.027
0.07364,0.07364,-1.027
0.06897,0.06897,-1.027
0.06505,0.06505,-1.027
0.06265,0.06265,-1.030
0.07819,0.07819,-1.031
0.09348,0.09348,-1.032
0.10052,0.10052,-1.032
0.12962,0.12962,-1.032
0.20525,0.20525,-1.032
0.21106,0.21106,-1.032
0.22063,0.22063,-1.035
0.22755,0.22755,-1.037
0.22850,0.22850,-1.036
0.23055,0.23055,-1.036
0.22978,0.22978,-1.037
0.22743,0.22743,-1.037
0.22185,0.22185,-1.037
0.20912,0.20912,-1.037
0.15816,0.15816,-1.041
0.11473,0.11473,-1.041
0.08012,0.08012,-1.040
0.05869,0.05869,-1.041
0.04877,0.04877,-1.041
0.06886,0.06886,-1.041
0.10362,0.10362,-1.041
0.12711,0.12711,-1.044
0.20618,0.20618,-1.046
0.26187,0.26187,-1.046
0.35646,0.35646,-1.046
0.53767,0.53767,-1.046
0.68025,0.68025,-1.046
0.71468,0.71468,-1.046
0.85129,0.85129,-1.051
0.89740,0.89740,-1.052
0.98253,0.98253,-1.052
1.15627,1.15627,-1.051
1.25610,1.25610,-1.051
1.32153,1.32153,-1.051
1.53139,1.53139,-1.052
1.73354,1.73354,-1.051
2.02196,2.02196,-1.051
2.37691,2.37691,-1.052
2.41371,2.41371,-1.053
2.44897,2.44897,-1.056
2.82175,2.82175,-1.056
3.15211,3.15211,-1.055
3.29071,3.29071,-1.056
3.41811,3.41811,-1.055
3.43910,3.43910,-1.056
3.34271,3.34271,-1.056
2.80295,2.80295,-1.058
2.59587,2.59587,-1.059
2.45326,2.45326,-1.059
2.39139,2.39139,-1.059
2.30759,2.30759,-1.061
1.90192,1.90192,-1.064
1.78380,1.78380,-1.064
1.59715,1.59715,-1.063
1.33798,1.33798,-1.063
1.06767,1.06767,-1.063
0.98311,0.98311,-1.066
0.85130,0.85130,-1.069
0.79387,0.79387,-1.068
0.75742,0.75742,-1.068
0.60995,0.60995,-1.067
0.54951,0.54951,-1.068
0.52235,0.52235,-1.068
0.52000,0.52000,-1.068
0.52660,0.52660,-1.071
0.53377,0.53377,-1.073
0.54572,0.54572,-1.073
0.54861,0.54861,-1.074
0.55223,0.55223,-1.073
0.55135,0.55135,-1.072
0.53973,0.53973,-1.075
0.52934,0.52934,-1.077
0.51938,0.51938,-1.077
0.48692,0.48692,-1.077
0.47307,0.47307,-1.077
0.45860,0.45860,-1.077
0.42482,0.42482,-1.077
0.41586,0.41586,-1.077
0.40242,0.40242,-1.077
0.38521,0.38521,-1.077
0.37506,0.37506,-1.078
0.35921,0.35921,-1.080
0.33896,0.33896,-1.080
0.28381,0.28381,-1.081
0.26065,0.26065,-1.081
0.24570,0.24570,-1.081
0.22803,0.22803,-1.081
0.22282,0.22282,-1.080
0.21176,0.21176,-1.080
0.20616,0.20616,-1.080
0.18228,0.18228,-1.080
0.16791,0.16791,-1.080
0.15746,0.15746,-1.080
0.16769,0.16769,-1.080
0.18933,0.18933,-1.080
0.21288,0.21288,-1.082
0.25110,0.25110,-1.084
0.28127,0.28127,-1.084
0.39658,0.39658,-1.085
0.42856,0.42856,-1.084
0.46899,0.46899,-1.084
0.47394,0.47394,-1.084
0.48416,0.48416,-1.084
0.48531,0.48531,-1.087
0.48157,0.48157,-1.088
0.49588,0.49588,-1.088
0.43829,0.43829,-1.088
0.36673,0.36673,-1.088
0.34923,0.34923,-1.089
0.30391,0.30391,-1.090
0.14554,0.14554,-1.090
0.14174,0.14174,-1.093
0.08682,0.08682,-1.095
0.06706,0.06706,-1.094
0.07449,0.07449,-1.095
0.09995,0.09995,-1.094
0.15060,0.15060,-1.095
0.24364,0.24364,-1.095
0.32549,0.32549,-1.095
0.40955,0.40955,-1.096
0.54938,0.54938,-1.098
0.65948,0.65948,-1.100
0.91220,0.91220,-1.100
1.46074,1.46074,-1.100
1.87959,1.87959,-1.100
2.13220,2.13220,-1.100
2.92461,2.92461,-1.100
3.41869,3.41869,-1.100
3.71054,3.71054,-1.101
3.88422,3.88422,-1.104
3.94606,3.94606,-1.105
4.34229,4.34229,-1.105
5.15562,5.15562,-1.104
5.33705,5.33705,-1.105
5.77209,5.77209,-1.104
5.92870,5.92870,-1.104
6.14642,6.14642,-1.104
6.61055,6.61055,-1.106
6.75333,6.75333,-1.109
6.81364,6.81364,-1.109
6.85429,6.85429,-1.109
6.85651,6.85651,-1.110
6.85165,6.85165,-1.110
6.85672,6.85672,-1.110
6.84386,6.84386,-1.109
6.52370,6.52370,-1.109
6.54794,6.54794,-1.110
6.37996,6.37996,-1.109
6.07112,6.07112,-1.111
5.71167,5.71167,-1.113
4.85603,4.85603,-1.113
4.60545,4.60545,-1.113
4.57700,4.57700,-1.113
4.56186,4.56186,-1.114
4.55312,4.55312,-1.114
4.28677,4.28677,-1.114
4.06653,4.06653,-1.115
3.89445,3.89445,-1.115
2.52055,2.52055,-1.116
2.47517,2.47517,-1.115
2.22543,2.22543,-1.117
1.74919,1.74919,-1.118
1.54660,1.54660,-1.118
1.53215,1.53215,-1.118
1.42265,1.42265,-1.118
1.36940,1.36940,-1.118
1.24216,1.24216,-1.118
1.12315,1.12315,-1.119
1.09233,1.09233,-1.120
1.04958,1.04958,-1.121
1.00089,1.00089,-1.121
0.98538,0.98538,-1.121
0.95856,0.95856,-1.120
0.91039,0.91039,-1.121
0.85437,0.85437,-1.121
0.83835,0.83835,-1.121
0.75822,0.75822,-1.121
0.74445,0.74445,-1.122
0.72598,0.72598,-1.122
0.71083,0.71083,-1.122
0.71964,0.71964,-1.121
0.70927,0.70927,-1.122
0.70699,0.70699,-1.122
0.70807,0.70807,-1.123
0.70453,0.70453,-1.124
0.69505,0.69505,-1.123
0.68555,0.68555,-1.124
0.68544,0.68544,-1.124
0.67149,0.67149,-1.125
0.65738,0.65738,-1.125
0.65453,0.65453,-1.125
0.64006,0.64006,-1.126
0.63039,0.63039,-1.126
0.62411,0.62411,-1.126
0.60541,0.60541,-1.126
0.58284,0.58284,-1.126
0.56119,0.56119,-1.126
0.53593,0.53593,-1.126
0.51996,0.51996,-1.126
0.47379,0.47379,-1.125
0.42696,0.42696,-1.125
0.40584,0.40584,-1.126
0.37553,0.37553,-1.127
0.33943,0.33943,-1.132
0.32324,0.32324,-1.132
0.31073,0.31073,-1.131
0.29427,0.29427,-1.130
0.27623,0.27623,-1.131
0.27011,0.27011,-1.130
0.26012,0.26012,-1.131
0.24251,0.24251,-1.131
0.21675,0.21675,-1.131
0.19893,0.19893,-1.130
0.18396,0.18396,-1.130
0.16013,0.16013,-1.130
0.15118,0.15118,-1.131
0.14272,0.14272,-1.133
0.13034,0.13034,-1.134
0.12662,0.12662,-1.135
0.12508,0.12508,-1.135
0.12184,0.12184,-1.136
0.11461,0.11461,-1.134
0.11195,0.11195,-1.134
0.11038,0.11038,-1.135
0.11111,0.11111,-1.135
0.11729,0.11729,-1.135
0.12106,0.12106,-1.134
0.13768,0.13768,-1.134
0.20198,0.20198,-1.135
0.23099,0.23099,-1.135
0.23727,0.23727,-1.135
0.25322,0.25322,-1.135
0.25949,0.25949,-1.138
0.25940,0.25940,-1.140
0.27054,0.27054,-1.141
0.29721,0.29721,-1.140
0.25116,0.25116,-1.141
0.20128,0.20128,-1.141
0.16446,0.16446,-1.141
0.10175,0.10175,-1.141
0.08809,0.08809,-1.144
0.06239,0.06239,-1.145
0.05527,0.05527,-1.144
0.05336,0.05336,-1.144
0.05267,0.05267,-1.144
0.05272,0.05272,-1.147
0.05057,0.05057,-1.148
0.06602,0.06602,-1.148
0.21564,0.21564,-1.148
0.38338,0.38338,-1.148
1.35277,1.35277,-1.148
2.01456,2.01456,-1.148
2.43507,2.43507,-1.148
2.74976,2.74976,-1.148
2.86137,2.86137,-1.151
2.93094,2.93094,-1.153
3.45796,3.45796,-1.153
4.18953,4.18953,-1.155
4.40530,4.40530,-1.156
4.41815,4.41815,-1.157
4.39856,4.39856,-1.157
4.41499,4.41499,-1.157
4.43489,4.43489,-1.157
4.42810,4.42810,-1.157
4.43990,4.43990,-1.156
4.47946,4.47946,-1.157
4.59590,4.59590,-1.157
4.77495,4.77495,-1.156
4.82703,4.82703,-1.156
4.45265,4.45265,-1.156
3.95889,3.95889,-1.156
3.48024,3.48024,-1.157
2.87650,2.87650,-1.161
2.52396,2.52396,-1.161
2.21901,2.21901,-1.161
1.59076,1.59076,-1.163
1.12578,1.12578,-1.166
0.76390,0.76390,-1.166
0.63092,0.63092,-1.166
0.59657,0.59657,-1.166
0.56091,0.56091,-1.170
0.53101,0.53101,-1.172
0.51881,0.51881,-1.171
0.51013,0.51013,-1.172
0.49545,0.49545,-1.176
0.48997,0.48997,-1.176
0.48241,0.48241,-1.177
0.46782,0.46782,-1.177
0.45152,0.45152,-1.177
0.41978,0.41978,-1.177
0.39261,0.39261,-1.176
0.29396,0.29396,-1.178
0.23750,0.23750,-1.179
0.19080,0.19080,-1.180
0.14415,0.14415,-1.180
0.11894,0.11894,-1.179
0.11331,0.11331,-1.180
0.11267,0.11267,-1.183
0.11737,0.11737,-1.184
0.12280,0.12280,-1.184
0.12889,0.12889,-1.184
0.15198,0.15198,-1.184
0.16185,0.16185,-1.183
0.16957,0.16957,-1.187
0.17528,0.17528,-1.188
0.18330,0.18330,-1.187
0.18327,0.18327,-1.188
0.17780,0.17780,-1.188
0.15179,0.15179,-1.186
0.14481,0.14481,-1.187
0.13437,0.13437,-1.189
0.11221,0.11221,-1.193
0.07080,0.07080,-1.193
0.05109,0.05109,-1.193
0.05309,0.05309,-1.193
0.04309,0.04309,-1.193
0.04070,0.04070,-1.193
0.03839,0.03839,-1.196
0.03397,0.03397,-1.197
0.04387,0.04387,-1.198
0.07112,0.07112,-1.197
0.10657,0.10657,-1.198
0.14713,0.14713,-1.197
0.23267,0.23267,-1.197
0.27812,0.27812,-1.197
0.37057,0.37057,-1.198
0.40958,0.40958,-1.200
0.55542,0.55542,-1.202
0.65672,0.65672,-1.201
0.73041,0.73041,-1.202
0.87305,0.87305,-1.202
0.94357,0.94357,-1.202
0.98338,0.98338,-1.204
1.00819,1.00819,-1.206
1.01338,1.01338,-1.206
1.01303,1.01303,-1.205
0.99828,0.99828,-1.205
0.96619,0.96619,-1.206
0.95927,0.95927,-1.208
0.95972,0.95972,-1.209
0.96924,0.96924,-1.209
0.95895,0.95895,-1.209
0.92595,0.92595,-1.209
0.88144,0.88144,-1.209
0.84576,0.84576,-1.208
0.80176,0.80176,-1.209
0.80919,0.80919,-1.209
0.78410,0.78410,-1.209
0.68419,0.68419,-1.209
0.64586,0.64586,-1.209
0.62135,0.62135,-1.210
0.56525,0.56525,-1.213
0.47977,0.47977,-1.214
0.44531,0.44531,-1.214
0.37376,0.37376,-1.214
0.26411,0.26411,-1.213
0.21620,0.21620,-1.213
0.17584,0.17584,-1.213
0.11496,0.11496,-1.214
0.10797,0.10797,-1.216
0.10345,0.10345,-1.218
0.10078,0.10078,-1.218
0.08519,0.08519,-1.218
0.08133,0.08133,-1.222
0.07991,0.07991,-1.223
0.07407,0.07407,-1.223
0.06557,0.06557,-1.227
0.06601,0.06601,-1.228
0.06223,0.06223,-1.228
0.05472,0.05472,-1.229
0.04993,0.04993,-1.228
0.04576,0.04576,-1.228
0.04155,0.04155,-1.230
0.03925,0.03925,-1.232
0.03877,0.03877,-1.233
0.03925,0.03925,-1.232
0.03944,0.03944,-1.233
0.04037,0.04037,-1.233
0.04013,0.04013,-1.235
0.03911,0.03911,-1.237
0.03770,0.03770,-1.237
0.03516,0.03516,-1.237
0.03406,0.03406,-1.237
0.03336,0.03336,-1.240
0.03244,0.03244,-1.241
0.03223,0.03223,-1.241
0.03180,0.03180,-1.241
0.03079,0.03079,-1.242
0.03123,0.03123,-1.244
0.03003,0.03003,-1.245
0.03171,0.03171,-1.245
0.03207,0.03207,-1.245
0.03426,0.03426,-1.245
0.03671,0.03671,-1.245
0.03880,0.03880,-1.245
0.03929,0.03929,-1.246
0.03975,0.03975,-1.250
0.03976,0.03976,-1.250
0.03822,0.03822,-1.250
0.03719,0.03719,-1.250
0.03563,0.03563,-1.251
0.03418,0.03418,-1.254
0.03162,0.03162,-1.255
0.03021,0.03021,-1.254
0.02966,0.02966,-1.254
0.02957,0.02957,-1.258
0.02928,0.02928,-1.260
0.02924,0.02924,-1.260
0.02939,0.02939,-1.259
0.02930,0.02930,-1.260
0.02917,0.02917,-1.260
0.02943,0.02943,-1.260
0.02943,0.02943,-1.263
0.02962,0.02962,-1.264
0.02942,0.02942,-1.264
0.02855,0.02855,-1.264
0.02792,0.02792,-1.264
0.02740,0.02740,-1.264
0.02681,0.02681,-1.263
0.02625,0.02625,-1.267
0.02591,0.02591,-1.268
0.02574,0.02574,-1.268
0.02553,0.02553,-1.267
0.02544,0.02544,-1.270
0.02574,0.02574,-1.272
0.02649,0.02649,-1.272
0.02654,0.02654,-1.271
0.02652,0.02652,-1.271
0.02684,0.02684,-1.272
0.02734,0.02734,-1.272
0.02748,0.02748,-1.274
0.02754,0.02754,-1.276
0.02779,0.02779,-1.276
0.02788,0.02788,-1.277
0.02773,0.02773,-1.276
0.02754,0.02754,-1.276
0.02719,0.02719,-1.276
0.02727,0.02727,-1.275
0.02724,0.02724,-1.276
0.02693,0.02693,-1.277
0.02713,0.02713,-1.280
0.02682,0.02682,-1.281
0.02678,0.02678,-1.280
0.02800,0.02800,-1.281
0.02831,0.02831,-1.281
0.03001,0.03001,-1.280
0.03067,0.03067,-1.281
0.03149,0.03149,-1.285
0.03136,0.03136,-1.286
0.03021,0.03021,-1.285
0.02966,0.02966,-1.285
0.02927,0.02927,-1.286
0.02899,0.02899,-1.291
0.02888,0.02888,-1.291
0.02873,0.02873,-1.291
0.02986,0.02986,-1.292
0.03671,0.03671,-1.295
0.04254,0.04254,-1.296
0.06540,0.06540,-1.296
0.07414,0.07414,-1.296
0.07097,0.07097,-1.296
0.07471,0.07471,-1.296
0.07370,0.07370,-1.299
0.07088,0.07088,-1.300
0.07306,0.07306,-1.300
0.07152,0.07152,-1.301
0.08432,0.08432,-1.301
0.08876,0.08876,-1.301
0.10130,0.10130,-1.301
0.16931,0.16931,-1.301
0.16110,0.16110,-1.301
0.17468,0.17468,-1.301
0.16463,0.16463,-1.301
0.17096,0.17096,-1.303
0.19116,0.19116,-1.305
0.18283,0.18283,-1.306
0.20451,0.20451,-1.306
0.20802,0.20802,-1.305
0.24609,0.24609,-1.305
0.26225,0.26225,-1.305
0.28053,0.28053,-1.306
0.28552,0.28552,-1.306
0.28300,0.28300,-1.305
0.26627,0.26627,-1.305
0.26176,0.26176,-1.308
0.25664,0.25664,-1.310
0.25842,0.25842,-1.310
0.25032,0.25032,-1.309
0.25056,0.25056,-1.311
0.24953,0.24953,-1.313
0.24506,0.24506,-1.314
0.24040,0.24040,-1.314
0.23853,0.23853,-1.314
0.23410,0.23410,-1.314
0.22234,0.22234,-1.315
0.22185,0.22185,-1.315
0.21544,0.21544,-1.315
0.20547,0.20547,-1.314
0.19469,0.19469,-1.314
0.17606,0.17606,-1.315
0.08746,0.08746,-1.314
0.06615,0.06615,-1.315
0.05609,0.05609,-1.315
0.05452,0.05452,-1.318
0.05469,0.05469,-1.319
0.05441,0.05441,-1.319
0.05434,0.05434,-1.319
0.05292,0.05292,-1.321
0.05241,0.05241,-1.323
0.05321,0.05321,-1.323
0.05199,0.05199,-1.323
0.05180,0.05180,-1.323
0.04817,0.04817,-1.323
0.04091,0.04091,-1.324
0.03825,0.03825,-1.326
0.03365,0.03365,-1.328
0.03053,0.03053,-1.327
0.02991,0.02991,-1.327
0.03024,0.03024,-1.330
0.03120,0.03120,-1.332
0.03313,0.03313,-1.332
0.03749,0.03749,-1.332
0.03889,0.03889,-1.333
0.03900,0.03900,-1.336
0.03801,0.03801,-1.336
0.03146,0.03146,-1.336
0.02809,0.02809,-1.335
0.02580,0.02580,-1.339
0.02779,0.02779,-1.341
0.03490,0.03490,-1.342
0.03659,0.03659,-1.342
0.03757,0.03757,-1.346
0.04010,0.04010,-1.346
0.04672,0.04672,-1.347
0.04666,0.04666,-1.348
0.04962,0.04962,-1.350
0.04736,0.04736,-1.351
0.05154,0.05154,-1.351
0.05440,0.05440,-1.351
0.06023,0.06023,-1.351
0.07097,0.07097,-1.352
0.09660,0.09660,-1.352
0.12198,0.12198,-1.352
0.10730,0.10730,-1.351
0.13620,0.13620,-1.351
0.14433,0.14433,-1.352
0.16432,0.16432,-1.355
0.19312,0.19312,-1.356
0.19220,0.19220,-1.356
0.19360,0.19360,-1.356
0.19063,0.19063,-1.355
0.18932,0.18932,-1.358
0.16472,0.16472,-1.360
0.15932,0.15932,-1.360
0.14543,0.14543,-1.360
0.12352,0.12352,-1.360
0.11546,0.11546,-1.360
0.10576,0.10576,-1.362
0.09390,0.09390,-1.364
0.07748,0.07748,-1.364
0.06927,0.06927,-1.363
0.06520,0.06520,-1.363
0.06268,0.06268,-1.363
0.06081,0.06081,-1.365
0.05969,0.05969,-1.368
0.05743,0.05743,-1.367
0.05574,0.05574,-1.367
0.04898,0.04898,-1.368
0.04839,0.04839,-1.367
0.04846,0.04846,-1.368
0.04799,0.04799,-1.367
0.04584,0.04584,-1.367
0.04327,0.04327,-1.368
0.04077,0.04077,-1.368
0.03867,0.03867,-1.368
0.03726,0.03726,-1.370
0.03587,0.03587,-1.372
0.03412,0.03412,-1.372
0.03229,0.03229,-1.371
0.02957,0.02957,-1.372
0.02867,0.02867,-1.376
0.02785,0.02785,-1.376
0.02756,0.02756,-1.376
0.02696,0.02696,-1.377
0.02689,0.02689,-1.380
0.02686,0.02686,-1.381
0.02657,0.02657,-1.381
0.02655,0.02655,-1.381
0.02672,0.02672,-1.381
0.02661,0.02661,-1.382
0.02708,0.02708,-1.385
0.02637,0.02637,-1.386
0.02628,0.02628,-1.386
0.02556,0.02556,-1.386
0.02528,0.02528,-1.389
0.02495,0.02495,-1.391
0.02504,0.02504,-1.391
0.02505,0.02505,-1.393
0.02486,0.02486,-1.395
0.02527,0.02527,-1.395
0.02570,0.02570,-1.397
0.02611,0.02611,-1.400
0.02615,0.02615,-1.400
0.02626,0.02626,-1.400
0.02623,0.02623,-1.400
0.02647,0.02647,-1.400
0.02655,0.02655,-1.400
0.02690,0.02690,-1.399
0.02840,0.02840,-1.400
0.02887,0.02887,-1.400
0.02895,0.02895,-1.402
0.02882,0.02882,-1.405
0.02950,0.02950,-1.404
0.02995,0.02995,-1.405
0.02977,0.02977,-1.409
0.02983,0.02983,-1.409
0.02992,0.02992,-1.409
0.03015,0.03015,-1.409
0.03003,0.03003,-1.409
0.02983,0.02983,-1.413
0.03003,0.03003,-1.414
0.02975,0.02975,-1.414
0.02986,0.02986,-1.414
0.02927,0.02927,-1.414
0.02885,0.02885,-1.414
0.02823,0.02823,-1.414
0.02724,0.02724,-1.414
0.02654,0.02654,-1.414
0.02661,0.02661,-1.416
0.02612,0.02612,-1.418
0.02644,0.02644,-1.417
0.02615,0.02615,-1.418
0.02628,0.02628,-1.417
0.02596,0.02596,-1.419
0.02548,0.02548,-1.420
0.02530,0.02530,-1.420
0.02525,0.02525,-1.421
0.02518,0.02518,-1.422
0.02518,0.02518,-1.422
0.02571,0.02571,-1.422
0.02536,0.02536,-1.422
0.02560,0.02560,-1.422
0.02505,0.02505,-1.422
0.02536,0.02536,-1.426
0.02472,0.02472,-1.427
0.02472,0.02472,-1.426
0.02472,0.02472,-1.428
0.02451,0.02451,-1.431
0.02463,0.02463,-1.431
0.02452,0.02452,-1.430
0.02435,0.02435,-1.431
0.02475,0.02475,-1.433
0.02449,0.02449,-1.437
0.02499,0.02499,-1.437
0.02528,0.02528,-1.437
0.02547,0.02547,-1.437
0.02563,0.02563,-1.437
0.02586,0.02586,-1.437
0.02597,0.02597,-1.440
0.02568,0.02568,-1.441
0.02579,0.02579,-1.441
0.02580,0.02580,-1.441
0.02576,0.02576,-1.441
0.02588,0.02588,-1.441
0.02586,0.02586,-1.441
0.02609,0.02609,-1.442
0.02654,0.02654,-1.444
0.02756,0.02756,-1.445
0.02940,0.02940,-1.445
0.03091,0.03091,-1.444
0.03624,0.03624,-1.445
0.03987,0.03987,-1.446
0.04979,0.04979,-1.449
0.05238,0.05238,-1.449
0.05701,0.05701,-1.450
0.06175,0.06175,-1.450
0.07179,0.07179,-1.451
0.07608,0.07608,-1.452
0.07957,0.07957,-1.454
0.08310,0.08310,-1.454
0.08362,0.08362,-1.454
0.08430,0.08430,-1.454
0.08597,0.08597,-1.455
0.08826,0.08826,-1.458
0.08704,0.08704,-1.458
0.08565,0.08565,-1.458
0.08328,0.08328,-1.458
0.07855,0.07855,-1.459
0.07634,0.07634,-1.458
0.07658,0.07658,-1.459
0.07332,0.07332,-1.462
0.06343,0.06343,-1.463
0.05417,0.05417,-1.463
0.04985,0.04985,-1.463
0.04196,0.04196,-1.463
0.03920,0.03920,-1.463
0.03841,0.03841,-1.466
0.03706,0.03706,-1.469
0.03299,0.03299,-1.469
0.03201,0.03201,-1.469
0.03152,0.03152,-1.468
0.03157,0.03157,-1.467
0.03139,0.03139,-1.469
0.03151,0.03151,-1.472
0.03177,0.03177,-1.473
0.03191,0.03191,-1.473
0.03194,0.03194,-1.473
0.03189,0.03189,-1.473
0.03146,0.03146,-1.474
0.03056,0.03056,-1.476
0.02948,0.02948,-1.479
0.02716,0.02716,-1.478
0.02629,0.02629,-1.478
0.02614,0.02614,-1.478
0.02605,0.02605,-1.480
0.02605,0.02605,-1.483
0.02608,0.02608,-1.482
0.02585,0.02585,-1.482
0.02565,0.02565,-1.482
0.02557,0.02557,-1.482
0.02544,0.02544,-1.483
0.02559,0.02559,-1.482
0.02563,0.02563,-1.483
0.02574,0.02574,-1.486
0.02623,0.02623,-1.487
0.02650,0.02650,-1.486
0.02676,0.02676,-1.486
0.02774,0.02774,-1.486
0.02776,0.02776,-1.487
0.02725,0.02725,-1.488
0.02603,0.02603,-1.489
0.02522,0.02522,-1.490
0.02498,0.02498,-1.490
0.02470,0.02470,-1.490
0.02493,0.02493,-1.491
0.02477,0.02477,-1.494
0.02571,0.02571,-1.495
0.03040,0.03040,-1.495
0.03423,0.03423,-1.495
0.03619,0.03619,-1.494
0.03793,0.03793,-1.494
0.04187,0.04187,-1.497
0.05089,0.05089,-1.499
0.06206,0.06206,-1.498
0.07661,0.07661,-1.497
0.09720,0.09720,-1.498
0.10172,0.10172,-1.498
0.10146,0.10146,-1.501
0.10066,0.10066,-1.503
0.09871,0.09871,-1.503
0.09828,0.09828,-1.506
0.09848,0.09848,-1.508
0.09492,0.09492,-1.509
0.09357,0.09357,-1.511
0.09058,0.09058,-1.512
0.08881,0.08881,-1.512
0.06602,0.06602,-1.512
0.05257,0.05257,-1.512
0.05258,0.05258,-1.512
0.04433,0.04433,-1.512
0.03622,0.03622,-1.512
0.03328,0.03328,-1.513
0.03139,0.03139,-1.516
0.03081,0.03081,-1.517
0.03052,0.03052,-1.517
0.03046,0.03046,-1.519
0.03040,0.03040,-1.521
0.03021,0.03021,-1.521
0.03030,0.03030,-1.523
0.03046,0.03046,-1.526
0.03008,0.03008,-1.525
0.03026,0.03026,-1.525
0.03035,0.03035,-1.525
0.03023,0.03023,-1.526
0.02991,0.02991,-1.526
0.02957,0.02957,-1.526
0.02859,0.02859,-1.526
0.02612,0.02612,-1.526
0.02553,0.02553,-1.526
0.02589,0.02589,-1.526
0.02618,0.02618,-1.526
0.02667,0.02667,-1.529
0.02684,0.02684,-1.530
0.02692,0.02692,-1.533
0.02660,0.02660,-1.534
0.02699,0.02699,-1.534
0.02682,0.02682,-1.537
0.02719,0.02719,-1.539
0.02702,0.02702,-1.540
0.02667,0.02667,-1.540
0.02652,0.02652,-1.540
0.02649,0.02649,-1.540
0.02612,0.02612,-1.541
0.02606,0.02606,-1.541
0.02515,0.02515,-1.540
0.02481,0.02481,-1.540
0.02457,0.02457,-1.542
0.02477,0.02477,-1.544
0.02464,0.02464,-1.543
0.02438,0.02438,-1.544
0.02501,0.02501,-1.543
0.02512,0.02512,-1.543
0.02518,0.02518,-1.544
0.02548,0.02548,-1.547
0.02556,0.02556,-1.548
0.02623,0.02623,-1.548
0.02744,0.02744,-1.548
0.02760,0.02760,-1.548
0.02811,0.02811,-1.548
0.02859,0.02859,-1.548
0.02924,0.02924,-1.548
0.03026,0.03026,-1.552
0.03087,0.03087,-1.554
0.03123,0.03123,-1.554
0.03134,0.03134,-1.554
0.03220,0.03220,-1.553
0.03252,0.03252,-1.554
0.03259,0.03259,-1.554
0.03242,0.03242,-1.556
0.03169,0.03169,-1.557
0.03105,0.03105,-1.558
0.03116,0.03116,-1.558
0.03082,0.03082,-1.557
0.03090,0.03090,-1.560
0.03078,0.03078,-1.563
0.03044,0.03044,-1.562
0.02989,0.02989,-1.563
0.02919,0.02919,-1.562
0.02905,0.02905,-1.563
0.02884,0.02884,-1.563
0.02904,0.02904,-1.563
0.02870,0.02870,-1.566
0.02776,0.02776,-1.566
0.02789,0.02789,-1.567
0.02773,0.02773,-1.567
0.02782,0.02782,-1.566
0.02742,0.02742,-1.566
0.02711,0.02711,-1.566
0.02725,0.02725,-1.566
0.02617,0.02617,-1.566
0.02608,0.02608,-1.566
0.02551,0.02551,-1.566
0.02539,0.02539,-1.567
0.02502,0.02502,-1.569
0.02542,0.02542,-1.570
0.02499,0.02499,-1.570
0.02504,0.02504,-1.570
0.02531,0.02531,-1.571
0.02513,0.02513,-1.574
0.02548,0.02548,-1.574
0.02522,0.02522,-1.574
0.02496,0.02496,-1.575
0.02507,0.02507,-1.577
0.02472,0.02472,-1.578
0.02466,0.02466,-1.579
0.02470,0.02470,-1.579
0.02487,0.02487,-1.579
0.02466,0.02466,-1.579
0.02446,0.02446,-1.579
0.02441,0.02441,-1.581
0.02434,0.02434,-1.582
0.02396,0.02396,-1.585
0.02452,0.02452,-1.584
0.02483,0.02483,-1.585
0.02489,0.02489,-1.584
0.02507,0.02507,-1.585
0.02492,0.02492,-1.588
0.02480,0.02480,-1.588
0.02460,0.02460,-1.588
0.02484,0.02484,-1.589
0.02504,0.02504,-1.591
0.02505,0.02505,-1.593
0.02509,0.02509,-1.593
0.02516,0.02516,-1.593
0.02556,0.02556,-1.593
0.02606,0.02606,-1.593
0.02637,0.02637,-1.593
0.02646,0.02646,-1.594
0.02702,0.02702,-1.597
0.02690,0.02690,-1.597
0.02740,0.02740,-1.598
0.02754,0.02754,-1.598
0.02901,0.02901,-1.598
0.03020,0.03020,-1.598
0.03059,0.03059,-1.598
0.03059,0.03059,-1.599
0.03076,0.03076,-1.599
0.03177,0.03177,-1.599
0.03207,0.03207,-1.600
0.03340,0.03340,-1.600
0.03477,0.03477,-1.600
0.03548,0.03548,-1.601
0.03519,0.03519,-1.601
0.03709,0.03709,-1.601
0.03908,0.03908,-1.601
0.04298,0.04298,-1.603
0.04520,0.04520,-1.603
0.04645,0.04645,-1.603
0.04871,0.04871,-1.602
0.05128,0.05128,-1.602
0.05151,0.05151,-1.603
0.05199,0.05199,-1.605
0.05244,0.05244,-1.606
0.05342,0.05342,-1.606
0.05299,0.05299,-1.606
0.05275,0.05275,-1.606
0.05206,0.05206,-1.606
0.05002,0.05002,-1.607
0.04848,0.04848,-1.608
0.04799,0.04799,-1.609
0.04793,0.04793,-1.610
0.04187,0.04187,-1.609
0.04297,0.04297,-1.609
0.04079,0.04079,-1.609
0.04033,0.04033,-1.610
0.03590,0.03590,-1.612
0.03423,0.03423,-1.613
0.03453,0.03453,-1.614
0.03302,0.03302,-1.614
0.03067,0.03067,-1.614
0.02980,0.02980,-1.614
0.02911,0.02911,-1.613
0.02882,0.02882,-1.613
0.02753,0.02753,-1.613
0.02722,0.02722,-1.615
0.02760,0.02760,-1.617
0.02744,0.02744,-1.619
0.02744,0.02744,-1.619
0.02762,0.02762,-1.619
0.02782,0.02782,-1.619
0.02771,0.02771,-1.621
0.02774,0.02774,-1.622
0.02798,0.02798,-1.623
0.02795,0.02795,-1.623
0.02754,0.02754,-1.623
0.02737,0.02737,-1.623
0.02701,0.02701,-1.623
0.02686,0.02686,-1.623
0.02710,0.02710,-1.623
0.02699,0.02699,-1.624
0.02664,0.02664,-1.626
0.02649,0.02649,-1.627
0.02664,0.02664,-1.627
0.02626,0.02626,-1.627
0.02629,0.02629,-1.628
0.02634,0.02634,-1.628
0.02557,0.02557,-1.627
0.02608,0.02608,-1.627
0.02568,0.02568,-1.627
0.02551,0.02551,-1.627
0.02538,0.02538,-1.627
0.02496,0.02496,-1.627
0.02486,0.02486,-1.627
0.02528,0.02528,-1.628
0.02512,0.02512,-1.628
0.02507,0.02507,-1.630
0.02477,0.02477,-1.631
0.02451,0.02451,-1.630
0.02451,0.02451,-1.631
0.02464,0.02464,-1.631
0.02460,0.02460,-1.631
0.02464,0.02464,-1.631
0.02461,0.02461,-1.631
0.02457,0.02457,-1.631
0.02480,0.02480,-1.632
0.02477,0.02477,-1.632
0.02528,0.02528,-1.632
0.02576,0.02576,-1.632
0.02481,0.02481,-1.635
0.02489,0.02489,-1.637
0.02477,0.02477,-1.637
0.02438,0.02438,-1.637
0.02472,0.02472,-1.639
0.02533,0.02533,-1.641
0.02791,0.02791,-1.641
0.03065,0.03065,-1.641
0.03511,0.03511,-1.643
0.04254,0.04254,-1.645
0.05740,0.05740,-1.645
0.06361,0.06361,-1.645
0.06824,0.06824,-1.647
0.06854,0.06854,-1.650
0.06329,0.06329,-1.650
0.06235,0.06235,-1.653
0.06023,0.06023,-1.655
0.05902,0.05902,-1.657
0.05534,0.05534,-1.660
0.05179,0.05179,-1.660
0.04956,0.04956,-1.660
0.04346,0.04346,-1.661
0.03772,0.03772,-1.663
0.03673,0.03673,-1.665
0.03481,0.03481,-1.664
0.03282,0.03282,-1.664
0.02972,0.02972,-1.664
0.02911,0.02911,-1.666
0.02878,0.02878,-1.667
0.02855,0.02855,-1.668
0.02856,0.02856,-1.668
0.02855,0.02855,-1.668
0.02858,0.02858,-1.669
0.02850,0.02850,-1.673
0.02856,0.02856,-1.674
0.02847,0.02847,-1.674
0.02838,0.02838,-1.674
0.02841,0.02841,-1.674
0.02802,0.02802,-1.674
0.02718,0.02718,-1.674
0.02695,0.02695,-1.674
0.02673,0.02673,-1.673
0.02615,0.02615,-1.676
0.02586,0.02586,-1.679
0.02525,0.02525,-1.679
0.02510,0.02510,-1.679
0.02486,0.02486,-1.678
0.02527,0.02527,-1.680
0.02600,0.02600,-1.681
0.02628,0.02628,-1.683
0.02615,0.02615,-1.683
0.02612,0.02612,-1.684
0.02570,0.02570,-1.688
0.02545,0.02545,-1.687
0.02499,0.02499,-1.688
0.02472,0.02472,-1.690
0.02411,0.02411,-1.691
0.02434,0.02434,-1.691
0.02457,0.02457,-1.692
0.02505,0.02505,-1.695
0.02629,0.02629,-1.696
0.02701,0.02701,-1.696
0.02747,0.02747,-1.696
0.02818,0.02818,-1.699
0.02917,0.02917,-1.699
0.02950,0.02950,-1.699
0.02942,0.02942,-1.699
0.02922,0.02922,-1.702
0.02852,0.02852,-1.703
0.02751,0.02751,-1.704
0.02666,0.02666,-1.707
0.02586,0.02586,-1.708
0.02557,0.02557,-1.710
0.02495,0.02495,-1.714
0.02534,0.02534,-1.714
0.02512,0.02512,-1.718
0.02510,0.02510,-1.719
0.02446,0.02446,-1.719
0.02455,0.02455,-1.720
0.02440,0.02440,-1.721
0.02449,0.02449,-1.723
0.02463,0.02463,-1.724
0.02463,0.02463,-1.724
0.02451,0.02451,-1.725
0.02441,0.02441,-1.728
0.02434,0.02434,-1.728
0.02449,0.02449,-1.728
0.02449,0.02449,-1.731
0.02434,0.02434,-1.733
0.02426,0.02426,-1.732
0.02441,0.02441,-1.732
0.02443,0.02443,-1.733
0.02467,0.02467,-1.736
0.02457,0.02457,-1.736
0.02464,0.02464,-1.736
0.02460,0.02460,-1.736
0.02444,0.02444,-1.736
0.02490,0.02490,-1.736
0.02457,0.02457,-1.736
0.02487,0.02487,-1.737
0.02481,0.02481,-1.740
0.02484,0.02484,-1.741
0.02469,0.02469,-1.741
0.02512,0.02512,-1.741
0.02525,0.02525,-1.743
0.02597,0.02597,-1.746
0.02711,0.02711,-1.746
0.02963,0.02963,-1.746
0.03210,0.03210,-1.746
0.03419,0.03419,-1.749
0.03531,0.03531,-1.749
0.03836,0.03836,-1.749
0.03871,0.03871,-1.753
0.03885,0.03885,-1.753
0.03844,0.03844,-1.755
0.03523,0.03523,-1.758
0.03261,0.03261,-1.758
0.03046,0.03046,-1.759
0.02896,0.02896,-1.762
0.02734,0.02734,-1.763
0.02666,0.02666,-1.763
0.02652,0.02652,-1.766
0.02629,0.02629,-1.767
0.02657,0.02657,-1.767
0.02632,0.02632,-1.770
0.02643,0.02643,-1.773
0.02631,0.02631,-1.772
0.02620,0.02620,-1.773
0.02647,0.02647,-1.773
0.02611,0.02611,-1.772
0.02641,0.02641,-1.775
0.02623,0.02623,-1.778
0.02576,0.02576,-1.779
0.02545,0.02545,-1.779
0.02483,0.02483,-1.779
0.02443,0.02443,-1.779
0.02437,0.02437,-1.779
0.02460,0.02460,-1.781
0.02444,0.02444,-1.783
0.02475,0.02475,-1.783
0.02516,0.02516,-1.784
0.02475,0.02475,-1.788
0.02473,0.02473,-1.787
0.02469,0.02469,-1.788
0.02438,0.02438,-1.792
0.02408,0.02408,-1.792
0.02438,0.02438,-1.794
0.02460,0.02460,-1.796
0.02519,0.02519,-1.796
0.02650,0.02650,-1.796
0.02806,0.02806,-1.797
0.03065,0.03065,-1.798
0.03456,0.03456,-1.800
0.04111,0.04111,-1.801
0.04413,0.04413,-1.801
0.04587,0.04587,-1.802
0.04575,0.04575,-1.805
0.04102,0.04102,-1.806
0.03677,0.03677,-1.807
0.03307,0.03307,-1.809
0.03185,0.03185,-1.810
0.02971,0.02971,-1.815
0.02866,0.02866,-1.815
0.02724,0.02724,-1.818
0.02670,0.02670,-1.818
0.02647,0.02647,-1.818
0.02687,0.02687,-1.819
0.02673,0.02673,-1.822
0.02654,0.02654,-1.823
0.02666,0.02666,-1.824
0.02596,0.02596,-1.825
0.02562,0.02562,-1.827
0.02538,0.02538,-1.828
0.02499,0.02499,-1.828
0.02501,0.02501,-1.830
0.02443,0.02443,-1.833
0.02467,0.02467,-1.833
0.02467,0.02467,-1.836
0.02455,0.02455,-1.837
0.02472,0.02472,-1.838
0.02463,0.02463,-1.839
0.02438,0.02438,-1.843
0.02434,0.02434,-1.843
0.02432,0.02432,-1.843
0.02419,0.02419,-1.845
0.02408,0.02408,-1.846
0.02457,0.02457,-1.846
0.02493,0.02493,-1.847
0.02574,0.02574,-1.850
0.02644,0.02644,-1.851
0.02806,0.02806,-1.850
0.02824,0.02824,-1.851
0.02832,0.02832,-1.855
0.02797,0.02797,-1.855
0.02751,0.02751,-1.859
0.02667,0.02667,-1.860
0.02667,0.02667,-1.860
0.02588,0.02588,-1.864
0.02544,0.02544,-1.864
0.02415,0.02415,-1.866
0.02414,0.02414,-1.869
0.02428,0.02428,-1.870
0.02434,0.02434,-1.874
0.02434,0.02434,-1.874
0.02434,0.02434,-1.878
0.02397,0.02397,-1.878
0.02449,0.02449,-1.881
0.02435,0.02435,-1.883
0.02414,0.02414,-1.883
0.02412,0.02412,-1.883
0.02415,0.02415,-1.888
0.02446,0.02446,-1.889
0.02443,0.02443,-1.888
0.02411,0.02411,-1.888
0.02444,0.02444,-1.891
0.02412,0.02412,-1.891
0.02449,0.02449,-1.893
0.02481,0.02481,-1.897
0.02524,0.02524,-1.898
0.02556,0.02556,-1.900
0.02768,0.02768,-1.903
0.02896,0.02896,-1.903
0.02972,0.02972,-1.903
0.03079,0.03079,-1.904
0.03178,0.03178,-1.906
0.03139,0.03139,-1.906
0.03036,0.03036,-1.909
0.02884,0.02884,-1.910
0.02635,0.02635,-1.912
0.02544,0.02544,-1.915
0.02528,0.02528,-1.915
0.02524,0.02524,-1.919
0.02524,0.02524,-1.919
0.02544,0.02544,-1.924
0.02534,0.02534,-1.924
0.02556,0.02556,-1.927
0.02527,0.02527,-1.927
0.02440,0.02440,-1.931
0.02475,0.02475,-1.932
0.02454,0.02454,-1.932
0.02429,0.02429,-1.933
0.02490,0.02490,-1.934
0.02460,0.02460,-1.937
0.02446,0.02446,-1.937
0.02434,0.02434,-1.938
0.02574,0.02574,-1.943
0.02704,0.02704,-1.943
0.02803,0.02803,-1.947
0.02827,0.02827,-1.948
0.02859,0.02859,-1.951
0.02884,0.02884,-1.950
0.03123,0.03123,-1.953
0.03336,0.03336,-1.955
0.03453,0.03453,-1.956
0.03889,0.03889,-1.956
0.03995,0.03995,-1.956
0.03926,0.03926,-1.955
0.03821,0.03821,-1.958
0.03522,0.03522,-1.961
0.03117,0.03117,-1.961
0.03018,0.03018,-1.964
0.02885,0.02885,-1.965
0.02667,0.02667,-1.967
0.02602,0.02602,-1.969
0.02550,0.02550,-1.969
0.02565,0.02565,-1.973
0.02487,0.02487,-1.973
0.02480,0.02480,-1.976
0.02457,0.02457,-1.978
0.02440,0.02440,-1.983
0.02458,0.02458,-1.983
0.02454,0.02454,-1.985
0.02441,0.02441,-1.988
0.02470,0.02470,-1.988
0.02473,0.02473,-1.988
0.02460,0.02460,-1.990
0.02461,0.02461,-1.993
0.02417,0.02417,-1.993
0.02412,0.02412,-1.995
0.02419,0.02419,-1.997
0.02434,0.02434,-1.996
0.02486,0.02486,-1.997
0.02496,0.02496,-2.001
0.02571,0.02571,-2.001
0.02586,0.02586,-2.001
0.02606,0.02606,-2.002
0.02672,0.02672,-2.005
0.02763,0.02763,-2.006
0.02832,0.02832,-2.006
0.02892,0.02892,-2.007
0.02852,0.02852,-2.010
0.02847,0.02847,-2.010
0.02841,0.02841,-2.010
0.02808,0.02808,-2.010
0.02730,0.02730,-2.014
0.02699,0.02699,-2.015
0.02542,0.02542,-2.016
0.02492,0.02492,-2.020
0.02448,0.02448,-2.020
0.02457,0.02457,-2.021
0.02441,0.02441,-2.024
0.02434,0.02434,-2.024
0.02444,0.02444,-2.028
0.02414,0.02414,-2.027
0.02396,0.02396,-2.031
0.02391,0.02391,-2.032
0.02417,0.02417,-2.034
0.02411,0.02411,-2.037
0.02432,0.02432,-2.036
0.02431,0.02431,-2.037
0.02452,0.02452,-2.038
0.02434,0.02434,-2.040
0.02454,0.02454,-2.041
0.02422,0.02422,-2.041
0.02428,0.02428,-2.044
0.02434,0.02434,-2.045
0.02452,0.02452,-2.046
0.02599,0.02599,-2.046
0.02670,0.02670,-2.046
0.02718,0.02718,-2.050
0.02783,0.02783,-2.050
0.02855,0.02855,-2.052
0.02888,0.02888,-2.053
0.02916,0.02916,-2.053
0.02948,0.02948,-2.057
0.03030,0.03030,-2.058
0.03018,0.03018,-2.058
0.03026,0.03026,-2.058
0.02939,0.02939,-2.057
0.02867,0.02867,-2.059
0.02589,0.02589,-2.062
0.02521,0.02521,-2.063
0.02466,0.02466,-2.063
0.02460,0.02460,-2.065
0.02483,0.02483,-2.067
0.02492,0.02492,-2.069
0.02481,0.02481,-2.073
0.02452,0.02452,-2.074
0.02417,0.02417,-2.076
0.02431,0.02431,-2.077
0.02432,0.02432,-2.079
0.02419,0.02419,-2.081
0.02434,0.02434,-2.082
0.02464,0.02464,-2.086
0.02460,0.02460,-2.085
0.02435,0.02435,-2.086
0.02417,0.02417,-2.086
0.02405,0.02405,-2.089
0.02434,0.02434,-2.089
0.02452,0.02452,-2.091
0.02650,0.02650,-2.093
0.02924,0.02924,-2.093
0.03140,0.03140,-2.097
0.03250,0.03250,-2.098
0.03276,0.03276,-2.098
0.03195,0.03195,-2.102
0.03125,0.03125,-2.104
0.03072,0.03072,-2.108
0.03026,0.03026,-2.109
0.02943,0.02943,-2.113
0.02902,0.02902,-2.113
0.02837,0.02837,-2.113
0.02689,0.02689,-2.113
0.02553,0.02553,-2.116
0.02530,0.02530,-2.117
0.02527,0.02527,-2.117
0.02524,0.02524,-2.117
0.02538,0.02538,-2.120
0.02527,0.02527,-2.121
0.02438,0.02438,-2.123
0.02426,0.02426,-2.125
0.02437,0.02437,-2.125
0.02435,0.02435,-2.126
0.02438,0.02438,-2.130
0.02446,0.02446,-2.132
0.02438,0.02438,-2.133
0.02431,0.02431,-2.134
0.02420,0.02420,-2.138
0.02412,0.02412,-2.139
0.02391,0.02391,-2.139
0.02406,0.02406,-2.138
0.02435,0.02435,-2.142
0.02457,0.02457,-2.143
0.02515,0.02515,-2.146
0.02661,0.02661,-2.148
0.02696,0.02696,-2.148
0.02753,0.02753,-2.149
0.02734,0.02734,-2.152
0.02713,0.02713,-2.152
0.02634,0.02634,-2.156
0.02596,0.02596,-2.157
0.02603,0.02603,-2.161
0.02588,0.02588,-2.162
0.02527,0.02527,-2.161
0.02533,0.02533,-2.163
0.02528,0.02528,-2.165
0.02486,0.02486,-2.166
0.02444,0.02444,-2.166
0.02448,0.02448,-2.166
0.02441,0.02441,-2.166
0.02423,0.02423,-2.167
0.02402,0.02402,-2.169
0.02405,0.02405,-2.170
0.02390,0.02390,-2.170
0.02432,0.02432,-2.170
0.02417,0.02417,-2.174
0.02426,0.02426,-2.175
0.02390,0.02390,-2.175
0.02431,0.02431,-2.175
0.02411,0.02411,-2.175
0.02412,0.02412,-2.178
0.02409,0.02409,-2.180
0.02429,0.02429,-2.179
0.02396,0.02396,-2.180
0.02414,0.02414,-2.180
0.02435,0.02435,-2.180
0.02391,0.02391,-2.183
0.02438,0.02438,-2.184
0.02386,0.02386,-2.184
0.02412,0.02412,-2.184
0.02405,0.02405,-2.185
0.02428,0.02428,-2.188
0.02396,0.02396,-2.188
0.02425,0.02425,-2.188
0.02412,0.02412,-2.189
0.02388,0.02388,-2.190
0.02415,0.02415,-2.193
0.02403,0.02403,-2.193
0.02394,0.02394,-2.193
0.02414,0.02414,-2.194
0.02399,0.02399,-2.193
0.02411,0.02411,-2.193
0.02425,0.02425,-2.193
0.02458,0.02458,-2.193
0.02516,0.02516,-2.193
0.02602,0.02602,-2.194
0.02559,0.02559,-2.197
0.02563,0.02563,-2.198
0.02573,0.02573,-2.199
0.02641,0.02641,-2.202
0.02711,0.02711,-2.203
0.02721,0.02721,-2.203
0.02742,0.02742,-2.202
0.02704,0.02704,-2.202
0.02695,0.02695,-2.204
0.02652,0.02652,-2.206
0.02557,0.02557,-2.207
0.02486,0.02486,-2.210
0.02501,0.02501,-2.211
0.02458,0.02458,-2.212
0.02460,0.02460,-2.215
0.02473,0.02473,-2.215
0.02444,0.02444,-2.215
0.02463,0.02463,-2.218
0.02451,0.02451,-2.219
0.02475,0.02475,-2.219
0.02454,0.02454,-2.220
0.02400,0.02400,-2.221
0.02412,0.02412,-2.226
0.02409,0.02409,-2.225
0.02417,0.02417,-2.225
0.02403,0.02403,-2.229
0.02408,0.02408,-2.229
0.02428,0.02428,-2.229
0.02451,0.02451,-2.230
0.02434,0.02434,-2.232
0.02428,0.02428,-2.232
0.02394,0.02394,-2.233
0.02463,0.02463,-2.237
0.02531,0.02531,-2.237
0.02603,0.02603,-2.237
0.02641,0.02641,-2.241
0.02724,0.02724,-2.241
0.02763,0.02763,-2.244
0.03021,0.03021,-2.245
0.03069,0.03069,-2.246
0.03120,0.03120,-2.246
0.03152,0.03152,-2.247
0.03146,0.03146,-2.250
0.03142,0.03142,-2.252
0.03137,0.03137,-2.251
0.03151,0.03151,-2.250
0.03081,0.03081,-2.251
0.02956,0.02956,-2.252
0.02876,0.02876,-2.251
0.02773,0.02773,-2.252
0.02617,0.02617,-2.255
0.02554,0.02554,-2.255
0.02507,0.02507,-2.257
0.02524,0.02524,-2.260
0.02509,0.02509,-2.259
0.02486,0.02486,-2.262
0.02441,0.02441,-2.265
0.02469,0.02469,-2.265
0.02505,0.02505,-2.265
0.02505,0.02505,-2.265
0.02518,0.02518,-2.268
0.02481,0.02481,-2.269
0.02522,0.02522,-2.269
0.02461,0.02461,-2.269
0.02483,0.02483,-2.269
0.02463,0.02463,-2.272
0.02444,0.02444,-2.274
0.02437,0.02437,-2.274
0.02454,0.02454,-2.274
0.02457,0.02457,-2.275
0.02446,0.02446,-2.279
0.02422,0.02422,-2.279
0.02409,0.02409,-2.279
0.02429,0.02429,-2.282
0.02441,0.02441,-2.283
0.02495,0.02495,-2.284
0.02641,0.02641,-2.288
0.02713,0.02713,-2.288
0.02774,0.02774,-2.291
0.02805,0.02805,-2.293
0.02823,0.02823,-2.296
0.02820,0.02820,-2.297
0.02797,0.02797,-2.300
0.02751,0.02751,-2.300
0.02718,0.02718,-2.300
0.02690,0.02690,-2.300
0.02664,0.02664,-2.304
0.02647,0.02647,-2.306
0.02618,0.02618,-2.305
0.02559,0.02559,-2.306
0.02560,0.02560,-2.304
0.02557,0.02557,-2.305
0.02512,0.02512,-2.309
0.02521,0.02521,-2.311
0.02505,0.02505,-2.310
0.02493,0.02493,-2.311
0.02515,0.02515,-2.314
0.02512,0.02512,-2.314
0.02524,0.02524,-2.314
0.02490,0.02490,-2.318
0.02510,0.02510,-2.319
0.02513,0.02513,-2.319
0.02495,0.02495,-2.319
0.02495,0.02495,-2.319
0.02515,0.02515,-2.319
0.02493,0.02493,-2.318
0.02483,0.02483,-2.319
0.02477,0.02477,-2.322
0.02507,0.02507,-2.322
0.02515,0.02515,-2.322
0.02501,0.02501,-2.326
0.02469,0.02469,-2.327
0.02521,0.02521,-2.326
0.02536,0.02536,-2.326
0.02539,0.02539,-2.329
0.02562,0.02562,-2.330
0.02524,0.02524,-2.331
0.02544,0.02544,-2.332
0.02522,0.02522,-2.335
0.02513,0.02513,-2.335
0.02522,0.02522,-2.335
0.02567,0.02567,-2.335
0.02588,0.02588,-2.337
0.02614,0.02614,-2.339
0.02629,0.02629,-2.339
0.02716,0.02716,-2.340
0.02725,0.02725,-2.340
0.02777,0.02777,-2.343
0.02750,0.02750,-2.343
0.02686,0.02686,-2.344
0.02635,0.02635,-2.348
0.02620,0.02620,-2.349
0.02650,0.02650,-2.351
0.02649,0.02649,-2.354
0.02635,0.02635,-2.353
0.02609,0.02609,-2.353
0.02574,0.02574,-2.353
0.02597,0.02597,-2.353
0.02589,0.02589,-2.353
0.02580,0.02580,-2.354
0.02573,0.02573,-2.357
0.02571,0.02571,-2.357
0.02582,0.02582,-2.357
0.02539,0.02539,-2.357
0.02538,0.02538,-2.357
0.02507,0.02507,-2.357
0.02525,0.02525,-2.357
0.02525,0.02525,-2.358
0.02534,0.02534,-2.358
0.02504,0.02504,-2.359
0.02507,0.02507,-2.362
0.02519,0.02519,-2.363
0.02539,0.02539,-2.363
0.02525,0.02525,-2.362
0.02530,0.02530,-2.364
0.02502,0.02502,-2.366
0.02499,0.02499,-2.365
0.02513,0.02513,-2.369
0.02531,0.02531,-2.370
0.02504,0.02504,-2.370
0.02524,0.02524,-2.370
0.02504,0.02504,-2.374
0.02507,0.02507,-2.375
0.02505,0.02505,-2.377
0.02539,0.02539,-2.379
0.02632,0.02632,-2.381
0.02759,0.02759,-2.384
0.03008,0.03008,-2.384
0.03061,0.03061,-2.386
0.03038,0.03038,-2.388
0.02971,0.02971,-2.391
0.02943,0.02943,-2.393
0.02681,0.02681,-2.395
0.02618,0.02618,-2.397
0.02574,0.02574,-2.398
0.02606,0.02606,-2.401
0.02547,0.02547,-2.401
0.02519,0.02519,-2.402
0.02495,0.02495,-2.405
0.02519,0.02519,-2.406
0.02547,0.02547,-2.406
0.02531,0.02531,-2.406
0.02553,0.02553,-2.409
0.02528,0.02528,-2.410
0.02492,0.02492,-2.410
0.02501,0.02501,-2.412
0.02499,0.02499,-2.414
0.02484,0.02484,-2.414
0.02504,0.02504,-2.415
0.02499,0.02499,-2.418
0.02524,0.02524,-2.418
0.02505,0.02505,-2.419
0.02490,0.02490,-2.422
0.02505,0.02505,-2.422
0.02490,0.02490,-2.422
0.02475,0.02475,-2.423
0.02477,0.02477,-2.427
0.02467,0.02467,-2.427
0.02455,0.02455,-2.427
0.02460,0.02460,-2.427
0.02467,0.02467,-2.431
0.02505,0.02505,-2.432
0.02545,0.02545,-2.432
0.02570,0.02570,-2.433
0.02617,0.02617,-2.436
0.02657,0.02657,-2.437
0.02625,0.02625,-2.437
0.02635,0.02635,-2.437
0.02594,0.02594,-2.441
0.02579,0.02579,-2.442
0.02579,0.02579,-2.444
0.02591,0.02591,-2.446
0.02568,0.02568,-2.447
0.02553,0.02553,-2.449
0.02521,0.02521,-2.450
0.02504,0.02504,-2.451
0.02490,0.02490,-2.450
0.02483,0.02483,-2.451
0.02466,0.02466,-2.451
0.02466,0.02466,-2.454
0.02486,0.02486,-2.454
0.02481,0.02481,-2.453
0.02470,0.02470,-2.454
0.02481,0.02481,-2.454
0.02463,0.02463,-2.456
0.02495,0.02495,-2.458
0.02478,0.02478,-2.458
0.02490,0.02490,-2.459
0.02484,0.02484,-2.459
0.02477,0.02477,-2.459
0.02469,0.02469,-2.462
0.02483,0.02483,-2.463
0.02463,0.02463,-2.463
0.02467,0.02467,-2.464
0.02473,0.02473,-2.468
0.02492,0.02492,-2.468
0.02432,0.02432,-2.468
0.02454,0.02454,-2.472
0.02467,0.02467,-2.474
0.02472,0.02472,-2.473
0.02446,0.02446,-2.473
0.02481,0.02481,-2.475
0.02444,0.02444,-2.477
0.02451,0.02451,-2.477
0.02451,0.02451,-2.477
0.02455,0.02455,-2.477
0.02425,0.02425,-2.480
0.02470,0.02470,-2.482
0.02466,0.02466,-2.482
0.02451,0.02451,-2.482
0.02460,0.02460,-2.482
0.02477,0.02477,-2.482
0.02461,0.02461,-2.482
0.02466,0.02466,-2.482
0.02495,0.02495,-2.482
0.02501,0.02501,-2.485
0.02515,0.02515,-2.487
0.02512,0.02512,-2.487
0.02509,0.02509,-2.486
0.02528,0.02528,-2.486
0.02524,0.02524,-2.487
0.02528,0.02528,-2.488
0.02550,0.02550,-2.489
0.02542,0.02542,-2.489
0.02556,0.02556,-2.489
0.02539,0.02539,-2.489
0.02470,0.02470,-2.489
0.02480,0.02480,-2.493
0.02480,0.02480,-2.493
0.02469,0.02469,-2.495
0.02446,0.02446,-2.499
0.02484,0.02484,-2.502
0.02475,0.02475,-2.504
0.02477,0.02477,-2.506
0.02477,0.02477,-2.508
0.02477,0.02477,-2.508
0.02477,0.02477,-2.509
0.02469,0.02469,-2.509
0.02435,0.02435,-2.512
0.02458,0.02458,-2.513
0.02469,0.02469,-2.513
0.02486,0.02486,-2.513
0.02460,0.02460,-2.515
0.02457,0.02457,-2.518
0.02441,0.02441,-2.518
0.02457,0.02457,-2.521
0.02460,0.02460,-2.522
0.02464,0.02464,-2.526
0.02472,0.02472,-2.526
0.02472,0.02472,-2.526
0.02538,0.02538,-2.527
0.02539,0.02539,-2.529
0.02533,0.02533,-2.530
0.02545,0.02545,-2.531
0.02554,0.02554,-2.531
0.02534,0.02534,-2.531
0.02563,0.02563,-2.531
0.02534,0.02534,-2.531
0.02596,0.02596,-2.532
0.02644,0.02644,-2.532
0.02657,0.02657,-2.531
0.02765,0.02765,-2.533
0.02797,0.02797,-2.535
0.02785,0.02785,-2.535
0.02826,0.02826,-2.536
0.02777,0.02777,-2.537
0.02782,0.02782,-2.540
0.02750,0.02750,-2.541
0.02728,0.02728,-2.541
0.02731,0.02731,-2.541
0.02731,0.02731,-2.544
0.02711,0.02711,-2.546
0.02682,0.02682,-2.545
0.02621,0.02621,-2.545
0.02515,0.02515,-2.545
0.02451,0.02451,-2.545
0.02483,0.02483,-2.548
0.02463,0.02463,-2.550
0.02480,0.02480,-2.550
0.02463,0.02463,-2.552
0.02487,0.02487,-2.554
0.02489,0.02489,-2.554
0.02464,0.02464,-2.554
0.02455,0.02455,-2.556
0.02451,0.02451,-2.558
0.02496,0.02496,-2.559
0.02473,0.02473,-2.559
0.02454,0.02454,-2.559
0.02480,0.02480,-2.559
0.02444,0.02444,-2.558
0.02449,0.02449,-2.558
0.02464,0.02464,-2.560
0.02451,0.02451,-2.562
0.02460,0.02460,-2.563
0.02458,0.02458,-2.563
0.02415,0.02415,-2.567
0.02446,0.02446,-2.568
0.02440,0.02440,-2.568
0.02443,0.02443,-2.570
0.02448,0.02448,-2.573
0.02493,0.02493,-2.576
0.02486,0.02486,-2.576
0.02536,0.02536,-2.577
0.02545,0.02545,-2.579
0.02533,0.02533,-2.579
0.02527,0.02527,-2.582
0.02548,0.02548,-2.583
0.02550,0.02550,-2.583
0.02582,0.02582,-2.583
0.02570,0.02570,-2.584
0.02580,0.02580,-2.584
0.02580,0.02580,-2.584
0.02576,0.02576,-2.584
0.02571,0.02571,-2.586
0.02582,0.02582,-2.587
0.02559,0.02559,-2.587
0.02553,0.02553,-2.587
0.02542,0.02542,-2.588
0.02505,0.02505,-2.589
0.02542,0.02542,-2.589
0.02483,0.02483,-2.589
0.02461,0.02461,-2.592
0.02461,0.02461,-2.593
0.02472,0.02472,-2.593
0.02435,0.02435,-2.596
0.02443,0.02443,-2.597
0.02444,0.02444,-2.597
0.02466,0.02466,-2.600
0.02434,0.02434,-2.603
0.02452,0.02452,-2.602
0.02426,0.02426,-2.602
0.02428,0.02428,-2.602
0.02458,0.02458,-2.602
0.02428,0.02428,-2.605
0.02443,0.02443,-2.607
0.02451,0.02451,-2.607
0.02466,0.02466,-2.607
0.02446,0.02446,-2.607
0.02455,0.02455,-2.608
0.02411,0.02411,-2.609
0.02406,0.02406,-2.610
0.02440,0.02440,-2.610
0.02422,0.02422,-2.610
0.02444,0.02444,-2.611
0.02443,0.02443,-2.612
0.02448,0.02448,-2.614
0.02454,0.02454,-2.615
0.02461,0.02461,-2.615
0.02486,0.02486,-2.616
0.02448,0.02448,-2.619
0.02464,0.02464,-2.619
0.02444,0.02444,-2.622
0.02460,0.02460,-2.623
0.02451,0.02451,-2.625
0.02432,0.02432,-2.628
0.02440,0.02440,-2.628
0.02426,0.02426,-2.628
0.02469,0.02469,-2.629
0.02461,0.02461,-2.629
0.02478,0.02478,-2.629
0.02505,0.02505,-2.631
0.02505,0.02505,-2.632
0.02492,0.02492,-2.632
0.02495,0.02495,-2.633
0.02480,0.02480,-2.633
0.02505,0.02505,-2.633
0.02473,0.02473,-2.633
0.02484,0.02484,-2.633
0.02505,0.02505,-2.633
0.02550,0.02550,-2.635
0.02541,0.02541,-2.637
0.02518,0.02518,-2.637
0.02489,0.02489,-2.637
0.02518,0.02518,-2.637
0.02493,0.02493,-2.640
0.02463,0.02463,-2.643
0.02467,0.02467,-2.643
0.02460,0.02460,-2.644
0.02449,0.02449,-2.642
0.02446,0.02446,-2.645
0.02463,0.02463,-2.647
0.02448,0.02448,-2.647
0.02412,0.02412,-2.647
0.02429,0.02429,-2.646
0.02437,0.02437,-2.647
0.02414,0.02414,-2.650
0.02417,0.02417,-2.650
0.02435,0.02435,-2.651
0.02449,0.02449,-2.651
0.02428,0.02428,-2.651
0.02444,0.02444,-2.651
0.02432,0.02432,-2.653
0.02470,0.02470,-2.655
0.02441,0.02441,-2.654
0.02458,0.02458,-2.655
0.02461,0.02461,-2.656
0.02437,0.02437,-2.659
0.02444,0.02444,-2.659
0.02460,0.02460,-2.659
0.02457,0.02457,-2.659
0.02441,0.02441,-2.662
0.02452,0.02452,-2.664
0.02464,0.02464,-2.664
0.02467,0.02467,-2.664
0.02455,0.02455,-2.667
0.02454,0.02454,-2.667
0.02458,0.02458,-2.667
0.02431,0.02431,-2.669
0.02455,0.02455,-2.672
0.02446,0.02446,-2.672
0.02472,0.02472,-2.673
0.02470,0.02470,-2.672
0.02477,0.02477,-2.672
0.02509,0.02509,-2.674
0.02541,0.02541,-2.676
0.02551,0.02551,-2.676
0.02579,0.02579,-2.676
0.02594,0.02594,-2.678
0.02592,0.02592,-2.680
0.02605,0.02605,-2.680
0.02641,0.02641,-2.680
0.02621,0.02621,-2.682
0.02629,0.02629,-2.685
0.02629,0.02629,-2.686
0.02640,0.02640,-2.686
0.02637,0.02637,-2.686
0.02620,0.02620,-2.688
0.02585,0.02585,-2.689
0.02573,0.02573,-2.690
0.02557,0.02557,-2.691
0.02568,0.02568,-2.691
0.02570,0.02570,-2.691
0.02538,0.02538,-2.692
0.02530,0.02530,-2.694
0.02560,0.02560,-2.695
0.02567,0.02567,-2.695
0.02547,0.02547,-2.695
0.02551,0.02551,-2.696
0.02565,0.02565,-2.695
0.02565,0.02565,-2.695
0.02580,0.02580,-2.696
0.02562,0.02562,-2.695
0.02533,0.02533,-2.696
0.02548,0.02548,-2.695
0.02527,0.02527,-2.695
0.02539,0.02539,-2.696
0.02556,0.02556,-2.695
0.02544,0.02544,-2.696
0.02528,0.02528,-2.696
0.02557,0.02557,-2.696
0.02531,0.02531,-2.696
0.02548,0.02548,-2.696
0.02534,0.02534,-2.696
0.02553,0.02553,-2.696
0.02525,0.02525,-2.696
0.02531,0.02531,-2.696
0.02541,0.02541,-2.696
0.02531,0.02531,-2.696
0.02551,0.02551,-2.696
0.02533,0.02533,-2.696
0.02565,0.02565,-2.695
0.02554,0.02554,-2.695
0.02547,0.02547,-2.695
0.02547,0.02547,-2.696
0.02538,0.02538,-2.696
0.02530,0.02530,-2.696
0.02530,0.02530,-2.696
0.02538,0.02538,-2.696
0.02534,0.02534,-2.696
0.02510,0.02510,-2.696
0.02550,0.02550,-2.696
0.02547,0.02547,-2.696
0.02533,0.02533,-2.696
0.02516,0.02516,-2.696
0.02522,0.02522,-2.696
0.02522,0.02522,-2.696
0.02524,0.02524,-2.696
0.02522,0.02522,-2.696
0.02504,0.02504,-2.696
0.02528,0.02528,-2.696
0.02522,0.02522,-2.696
0.02486,0.02486,-2.696
0.02533,0.02533,-2.696
0.02519,0.02519,-2.696
0.02513,0.02513,-2.696
0.02567,0.02567,-2.696
0.02538,0.02538,-2.696
0.02534,0.02534,-2.696
0.02528,0.02528,-2.696
0.02538,0.02538,-2.696
0.02559,0.02559,-2.696
0.02541,0.02541,-2.696
0.02530,0.02530,-2.696
0.02531,0.02531,-2.696
0.02557,0.02557,-2.696
0.02554,0.02554,-2.697
0.02528,0.02528,-2.696
0.02534,0.02534,-2.696
0.02501,0.02501,-2.696
0.02548,0.02548,-2.696
0.02521,0.02521,-2.696
0.02524,0.02524,-2.696
0.02519,0.02519,-2.697
0.02518,0.02518,-2.697
0.02533,0.02533,-2.697
,,-2.696
,,-2.696
,,-2.696
